Id,Mid,Type,Lock,NeedLv,NeedGold,NeedRV,NeedDiamond,Musiclevel,RewarID,LocalMusicVer,Recommend,MusicCard,FavoriteRate,Playmark,Stylelabel,Fallingrate,TID,,GoldenSong,MusicTime,HomeOrder,VipMusicVersion,ProduceId,card_selection,FeatureDateRange
序号,唯一标识,歌曲类型:1=等级 2=购买 3=竞技场 10=班级歌曲 15=FB 16=流行,解锁方式 1等级 2金币 13钻石 14VIP 15FB 16视频 17等级歌音乐钥匙 18音乐钥匙 19内购解锁 22专辑解锁,所需等级,解锁需花费金币,Need to watch RV in hybrid unlock,解锁需要钻石数,X=（歌曲速度-60）/40,关卡100X 购买200X,判断是否为最新歌曲,推荐歌曲,对应头部卡片,热门指数,玩法备注：1黑块2长条3双黑4狂戳5滑块6爆裂块,风格备注：1民谣 2奏鸣曲 3练习曲 4艺术歌曲 5夜曲 6进行曲 7舞曲 8探戈歌曲 9钢琴小品 10交响曲 11变奏曲 12小奏鸣曲 13小夜曲 14回旋曲 15拉格泰姆 16歌剧序曲 17创意曲 18幽默曲 19组曲 20未知 21即兴曲 22管弦乐曲 23协奏曲 24狂想曲 25赋格 26前奏曲 27歌剧选段 28浪漫曲 29重奏曲 30大提琴组曲 31小佐达坎 32中国乐曲 33沉思曲 34安魂曲 35托卡塔 36梦幻曲 37间奏曲 38宗教歌曲 39康塔塔 40帕蒂塔 41随想曲 42沉重 43急促 44欢快 45活泼 46抒情 47中性 48忧伤 49明亮 50热烈 51清新,备注：X表示试玩片段降速的百分比，0表示试玩片段不降速,,难度分档1：X<=300，2：300<X<=360，3：X>360,首页歌曲推荐标记（1 有效）,歌曲生效时间戳,Home页排序,VIP歌曲期数,商品id,内购歌曲卡,
1,100001,1,1,1,,,,1,1,,,,50,1,1,,song_tag_1,1,,,1,,,,
2,100002,2,2,,0,,0,1,1000,,,,50,1,1,,song_tag_6,1,,,2,,,,
3,100003,2,2,,0,,0,1,1000,,,,50,1,1,,song_tag_11,1,,,3,,,,
4,100004,2,2,,0,,0,1,1000,,,,50,1,1,,song_tag_7,1,,,4,,,,
5,100005,2,2,,0,,0,1,1000,,,,50,1,1,,song_tag_7,1,,,5,,,,
6,100006,2,2,,0,,0,1,1000,,,,50,1,1,,song_tag_1,1,,,6,,,,
7,100007,2,2,,0,,0,1,1000,,,,50,1,1,,song_tag_7,1,,,7,,,,
8,100008,2,2,,0,,0,1,1000,,,,50,1,1,,song_tag_6,1,,,8,,,,
9,100009,2,2,,0,,0,1,1000,,,,50,1,1,,song_tag_1,1,,,9,,,,
10,100010,2,2,,0,,0,1,1000,,,,50,1,1,,song_tag_1,1,,,10,,,,
11,100011,2,2,,0,,0,1,1000,,,,50,1,1,,song_tag_8,1,,,11,,,,
12,100012,2,2,,0,,0,1,1000,,,,50,1,1,,song_tag_3,1,,,12,,,,
13,100013,2,2,,0,,0,1,1000,,,,50,1,1,,song_tag_1,1,,,13,,,,
14,100014,2,2,,0,,0,1,1000,,,,50,1,1,,song_tag_9,1,,,14,,,,
15,100015,2,2,,0,,0,1,1000,,,,50,1,1,,song_tag_1,1,,,15,,,,
16,100016,2,2,,0,,0,1,1000,,,,50,1,1,,song_tag_1,1,,,16,,,,
17,100017,2,2,,0,,0,1,1000,,,,50,1,1,,song_tag_6,1,,,17,,,,
18,100018,2,2,,0,,0,1,1000,,,,50,1,1,,song_tag_11,1,,,18,,,,
19,100019,2,2,,0,,0,1,1000,,,,50,1,1,,song_tag_1,1,,,19,,,,
20,100020,2,2,,0,,0,1,1000,,,,50,1,1,,song_tag_1,1,,,20,,,,
21,100021,2,2,,0,,0,1,1000,,,,50,1,1,,song_tag_2,1,,,21,,,,
22,100022,2,2,,0,,0,1,1000,,,,50,1,1,,song_tag_1,1,,,22,,,,
23,100023,2,2,,0,,0,1,1000,,,,50,1,1,,song_tag_1,1,,,23,,,,
24,100024,2,2,,0,,0,1,1000,,,,50,1,1,,song_tag_1,1,,,24,,,,
25,100025,2,2,,0,,0,1,1000,,,,50,1,1,,song_tag_1,1,,,25,,,,
26,100026,2,2,,0,,0,1,1000,,,,50,1,1,,song_tag_7,1,,,26,,,,
27,100027,2,2,,0,,0,1,1000,,,,50,1,1,,song_tag_5,1,,,27,,,,
28,100028,2,2,,0,,0,1,1000,,,,50,1,1,,song_tag_3,1,,,28,,,,
29,100029,2,2,,0,,0,1,1000,,,,50,1,1,,song_tag_7,1,,,29,,,,
30,100030,2,2,,0,,0,1,1000,,,,50,1,1,,song_tag_6,1,,,30,,,,
31,100031,2,2,,0,,0,1,1000,,,,50,1,1,,song_tag_7,1,,,31,,,,
32,100032,2,2,,0,,0,1,1000,,,,50,1,1,,song_tag_9,1,,,32,,,,
33,100033,2,2,,0,,0,1,1000,,,,50,1,1,,song_tag_7,1,,,33,,,,
34,100034,2,2,,0,,0,1,1000,,,,50,1,1,,song_tag_4,1,,,34,,,,
35,100035,2,2,,0,,0,1,1000,,,,50,1,1,,song_tag_2,1,,,35,,,,
36,100036,2,2,,0,,0,1,1000,,,,50,1,1,,song_tag_6,1,,,36,,,,
37,100037,2,2,,0,,0,1,1000,,,,50,1,1,,song_tag_6,1,,,37,,,,
38,100038,2,2,,0,,0,1,1000,,,,50,1,1,,song_tag_6,1,,,38,,,,
39,100039,2,2,,0,,0,1,1000,,,,50,1,1,,song_tag_7,1,,,39,,,,
40,100040,2,2,,0,,0,1,1000,,,,50,1,1,,song_tag_3,1,,,40,,,,
41,100041,2,2,,0,,0,1,1000,,,,50,1,1,,song_tag_8,1,,,41,,,,
42,100042,2,2,,0,,0,1,1000,,,,50,1,1,,song_tag_7,1,,,42,,,,
43,100043,2,2,,0,,0,1,1000,,,,50,1,1,,song_tag_7,1,,,43,,,,
44,100044,2,2,,0,,0,1,1000,,,,50,1,1,,song_tag_8,1,,,44,,,,
45,100045,2,2,,0,,0,1,1000,,,,50,1,1,,song_tag_8,1,,,45,,,,
46,100046,2,2,,0,,0,1,1000,,,,50,1,1,,song_tag_10,1,,,46,,,,
47,100047,2,2,,0,,0,1,1000,,,,50,1,1,,song_tag_8,1,,,47,,,,
48,100048,2,2,,0,,0,1,1000,,,,50,1,1,,song_tag_7,1,,,48,,,,
49,100049,2,2,,0,,0,1,1000,,,,50,1,1,,song_tag_4,1,,,49,,,,
50,100050,2,2,,0,,0,1,1000,,,,50,1,1,,song_tag_4,1,,,50,,,,
51,100051,2,2,,0,,0,1,1000,,,,50,1,1,,song_tag_4,1,,,51,,,,
52,100052,2,2,,0,,0,1,1000,,,,50,1,1,,song_tag_5,1,,,52,,,,
53,100053,2,2,,0,,0,1,1000,,,,50,1,1,,song_tag_6,1,,,53,,,,
54,100054,2,2,,0,,0,1,1000,,,,50,1,1,,song_tag_8,1,,,54,,,,
55,100055,2,2,,0,,0,1,1000,,,,50,1,1,,song_tag_3,1,,,55,,,,
56,100056,2,2,,0,,0,1,1000,,,,50,1,1,,song_tag_5,1,,,56,,,,
57,100057,2,2,,0,,0,1,1000,,,,50,1,1,,song_tag_7,1,,,57,,,,
58,100058,2,2,,0,,0,1,1000,,,,50,1,1,,song_tag_3,1,,,58,,,,
59,100059,2,2,,0,,0,1,1000,,,,50,1,1,,song_tag_8,1,,,59,,,,
60,100060,2,2,,0,,0,1,1000,,,,50,1,1,,song_tag_6,1,,,60,,,,
61,100061,2,2,,0,,0,1,1000,,,,50,1,1,,song_tag_9,1,,,61,,,,
62,100062,2,2,,0,,0,1,1000,,,,50,1,1,,song_tag_4,1,,,62,,,,
63,100063,2,2,,0,,0,1,1000,,,,50,1,1,,song_tag_7,1,,,63,,,,
64,100064,2,2,,0,,0,1,1000,,,,50,1,1,,song_tag_7,1,,,64,,,,
65,100065,2,2,,0,,0,1,1000,,,,50,1,1,,song_tag_7,1,,,65,,,,
66,100066,2,2,,0,,0,1,1000,,,,50,1,1,,song_tag_7,1,,,66,,,,
67,100067,2,2,,0,,0,1,1000,,,,50,1,1,,song_tag_7,1,,,67,,,,
68,100068,2,2,,0,,0,1,1000,,,,50,1,1,,song_tag_7,1,,,68,,,,
69,100069,2,2,,0,,0,1,1000,,,,50,1,1,,song_tag_7,1,,,69,,,,
70,100070,2,2,,0,,0,1,1000,,,,50,1,1,,song_tag_7,1,,,70,,,,
71,100071,2,2,,0,,0,1,1000,,,,50,1,1,,song_tag_7,1,,,71,,,,
72,100072,2,2,,0,,0,1,1000,,,,50,1,1,,song_tag_7,1,,,72,,,,
73,100073,2,2,,0,,0,1,1000,,,,50,1,1,,song_tag_7,1,,,73,,,,
74,100074,2,2,,0,,0,1,1000,,,,50,1,1,,song_tag_7,1,,,74,,,,
75,100075,2,2,,0,,0,1,1000,,,,50,1,1,,song_tag_7,1,,,75,,,,
76,100076,2,2,,0,,0,1,1000,,,,50,1,1,,song_tag_6,1,,,76,,,,
77,100077,2,2,,0,,0,1,1000,,,,50,1,1,,song_tag_4,1,,,77,,,,
78,100078,2,2,,0,,0,1,1000,,,,50,1,1,,song_tag_6,1,,,78,,,,
79,100079,2,2,,0,,0,1,1000,,,,50,1,1,,song_tag_6,1,,,79,,,,
80,100080,2,2,,0,,0,1,1000,,,,50,1,1,,song_tag_6,1,,,80,,,,
81,100081,2,2,,0,,0,1,1000,,,,50,1,1,,song_tag_7,1,,,81,,,,
82,100082,2,2,,0,,0,1,1000,,,,50,1,1,,song_tag_7,1,,,82,,,,
83,100083,2,2,,0,,0,1,1000,,,,50,1,1,,song_tag_8,1,,,83,,,,
84,100084,2,2,,0,,0,1,1000,,,,50,1,1,,song_tag_8,1,,,84,,,,
85,100085,2,2,,0,,0,1,1000,,,,50,1,1,,song_tag_3,1,,,85,,,,
86,100086,2,2,,0,,0,1,1000,,,,50,1,1,,song_tag_6,1,,,86,,,,
87,100087,2,2,,0,,0,1,1000,,,,50,1,1,,song_tag_9,1,,,87,,,,
88,100088,2,2,,0,,0,1,1000,,,,50,1,1,,song_tag_7,1,,,88,,,,
89,100089,2,2,,0,,0,1,1000,,,,50,1,1,,song_tag_4,1,,,89,,,,
90,100090,2,2,,0,,0,1,1000,,,,50,1,1,,song_tag_9,1,,,90,,,,
91,100091,2,2,,0,,0,1,1000,,,,50,1,1,,song_tag_7,1,,,91,,,,
92,100092,2,2,,0,,0,1,1000,,,,50,1,1,,song_tag_8,1,,,92,,,,
93,100093,2,2,,0,,0,1,1000,,,,50,1,1,,song_tag_7,1,,,93,,,,
94,100094,2,2,,0,,0,1,1000,,,,50,1,1,,song_tag_7,1,,,94,,,,
95,100095,2,2,,0,,0,1,1000,,,,50,1,1,,song_tag_7,1,,,95,,,,
96,100096,2,2,,0,,0,1,1000,,,,50,1,1,,song_tag_7,1,,,96,,,,
97,100097,2,2,,0,,0,1,1000,,,,50,1,1,,song_tag_7,1,,,97,,,,
98,100098,2,2,,0,,0,1,1000,,,,50,1,1,,song_tag_7,1,,,98,,,,
99,100099,2,2,,0,,0,1,1000,,,,50,1,1,,song_tag_7,1,,,99,,,,
100,100100,2,2,,0,,0,1,1000,,,,50,1,1,,song_tag_5,1,,,100,,,,
101,100101,2,2,,0,,0,1,1000,,,,50,1,1,,song_tag_4,1,,,101,,,,
102,100102,2,2,,0,,0,1,1000,,,,50,1,1,,song_tag_6,1,,,102,,,,
103,100103,2,2,,0,,0,1,1000,,,,50,1,1,,song_tag_8,1,,,103,,,,
104,100104,2,2,,0,,0,1,1000,,,,50,1,1,,song_tag_8,1,,,104,,,,
105,100105,2,2,,0,,0,1,1000,,,,50,1,1,,song_tag_8,1,,,105,,,,
106,100106,2,2,,0,,0,1,1000,,,,50,1,1,,song_tag_8,1,,,106,,,,
107,100107,2,2,,0,,0,1,1000,,,,50,1,1,,song_tag_8,1,,,107,,,,
108,100108,2,2,,0,,0,1,1000,,,,50,1,1,,song_tag_8,1,,,108,,,,
109,100109,2,2,,0,,0,1,1000,,,,50,1,1,,song_tag_8,1,,,109,,,,
110,100110,2,2,,0,,0,1,1000,,,,50,1,1,,song_tag_8,1,,,110,,,,
111,100111,2,2,,0,,0,1,1000,,,,50,1,1,,song_tag_6,1,,,111,,,,
112,100112,2,2,,0,,0,1,1000,,,,50,1,1,,song_tag_6,1,,,112,,,,
113,100113,2,2,,0,,0,1,1000,,,,50,1,1,,song_tag_6,1,,,113,,,,
114,100114,2,2,,0,,0,1,1000,,,,50,1,1,,song_tag_3,1,,,114,,,,
115,100115,2,2,,0,,0,1,1000,,,,50,1,1,,song_tag_7,1,,,115,,,,
116,100116,2,2,,0,,0,1,1000,,,,50,1,1,,song_tag_11,1,,,116,,,,
117,100117,2,2,,0,,0,1,1000,,,,50,1,1,,song_tag_11,1,,,117,,,,
118,100118,2,2,,0,,0,1,1000,,,,50,1,1,,song_tag_11,1,,,118,,,,
119,100119,2,2,,0,,0,1,1000,,,,50,1,1,,song_tag_3,1,,,119,,,,
120,100120,2,2,,0,,0,1,1000,,,,50,1,1,,song_tag_1,1,,,120,,,,
121,100121,2,2,,0,,0,1,1000,,,,50,1,1,,song_tag_5,1,,,121,,,,
122,100122,2,2,,0,,0,1,1000,,,,50,1,1,,song_tag_1,1,,,122,,,,
123,100123,2,2,,0,,0,1,1000,,,,50,1,1,,song_tag_3,1,,,123,,,,
124,100124,2,2,,0,,0,1,1000,,,,50,1,1,,song_tag_5,1,,,124,,,,
125,100125,2,2,,0,,0,1,1000,,,,50,1,1,,song_tag_11,1,,,125,,,,
126,100126,2,2,,0,,0,1,1000,,,,50,1,1,,song_tag_11,1,,,126,,,,
127,100127,2,2,,0,,0,1,1000,,,,50,1,1,,song_tag_6,1,,,127,,,,
128,100128,2,2,,0,,0,1,1000,,,,50,1,1,,song_tag_4,1,,,128,,,,
129,100129,2,2,,0,,0,1,1000,,,,50,1,1,,song_tag_5,1,,,129,,,,
130,100130,2,2,,0,,0,1,1000,,,,50,1,1,,song_tag_8,1,,,130,,,,
131,100131,2,2,,0,,0,1,1000,,,,50,1,1,,song_tag_7,1,,,131,,,,
132,100132,2,2,,0,,0,1,1000,,,,50,1,1,,song_tag_7,1,,,132,,,,
133,100133,2,2,,0,,0,1,1000,,,,50,1,1,,song_tag_4,1,,,133,,,,
134,100134,2,2,,0,,0,1,1000,,,,50,1,1,,song_tag_5,1,,,134,,,,
135,100135,2,2,,0,,0,1,1000,,,,50,1,1,,song_tag_5,1,,,135,,,,
136,100136,2,2,,0,,0,1,1000,,,,50,1,1,,song_tag_7,1,,,136,,,,
137,100137,2,2,,0,,0,1,1000,,,,50,1,1,,song_tag_7,1,,,137,,,,
138,100138,2,2,,0,,0,1,1000,,,,50,1,1,,song_tag_6,1,,,138,,,,
139,100139,2,2,,0,,0,1,1000,,,,50,1,1,,song_tag_8,1,,,139,,,,
140,100140,2,2,,0,,0,1,1000,,,,50,1,1,,song_tag_7,1,,,140,,,,
141,100141,2,2,,0,,0,1,1000,,,,50,1,1,,song_tag_5,1,,,141,,,,
142,100142,2,2,,0,,0,1,1000,,,,50,1,1,,song_tag_4,1,,,142,,,,
143,100143,2,2,,0,,0,1,1000,,,,50,1,1,,song_tag_4,1,,,143,,,,
144,100144,2,2,,0,,0,1,1000,,,,50,1,1,,song_tag_11,1,,,144,,,,
145,100145,2,2,,0,,0,1,1000,,,,50,1,1,,song_tag_8,1,,,145,,,,
146,100146,2,2,,0,,0,1,1000,,,,50,1,1,,song_tag_11,1,,,146,,,,
147,100147,2,2,,0,,0,1,1000,,,,50,1,1,,song_tag_8,1,,,147,,,,
148,100148,2,2,,0,,0,1,1000,,,,50,1,1,,song_tag_11,1,,,148,,,,
149,100149,2,2,,0,,0,1,1000,,,,50,1,1,,song_tag_11,1,,,149,,,,
150,100150,2,2,,0,,0,1,1000,,,,50,1,1,,song_tag_5,1,,,150,,,,
151,100151,2,2,,0,,0,1,1000,,,,50,1,1,,song_tag_4,1,,,151,,,,
152,100152,2,2,,0,,0,1,1000,,,,50,1,1,,song_tag_5,1,,,152,,,,
153,100153,2,2,,0,,0,1,1000,,,,50,1,1,,song_tag_6,1,,,153,,,,
154,100154,2,2,,0,,0,1,1000,,,,50,1,1,,song_tag_6,1,,,154,,,,
155,100155,2,2,,0,,0,1,1000,,,,50,1,1,,song_tag_6,1,,,155,,,,
156,100156,2,2,,0,,0,1,1000,,,,50,1,1,,song_tag_6,1,,,156,,,,
157,100157,2,2,,0,,0,1,1000,,,,50,1,1,,song_tag_6,1,,,157,,,,
158,100158,2,2,,0,,0,1,1000,,,,50,1,1,,song_tag_6,1,,,158,,,,
159,100159,2,2,,0,,0,1,1000,,,,50,1,1,,song_tag_6,1,,,159,,,,
160,100160,2,2,,0,,0,1,1000,,,,50,1,1,,song_tag_6,1,,,160,,,,
161,100161,2,2,,0,,0,1,1000,,,,50,1,1,,song_tag_6,1,,,161,,,,
162,100162,2,2,,0,,0,1,1000,,,,50,1,1,,song_tag_6,1,,,162,,,,
163,100163,2,2,,0,,0,1,1000,,,,50,1,1,,song_tag_6,1,,,163,,,,
164,100164,2,2,,0,,0,1,1000,,,,50,1,1,,song_tag_6,1,,,164,,,,
165,100165,2,2,,0,,0,1,1000,,,,50,1,1,,song_tag_6,1,,,165,,,,
166,100166,2,2,,0,,0,1,1000,,,,50,1,1,,song_tag_6,1,,,166,,,,
167,100167,2,2,,0,,0,1,1000,,,,50,1,1,,song_tag_6,1,,,167,,,,
168,100168,2,2,,0,,0,1,1000,,,,50,1,1,,song_tag_6,1,,,168,,,,
169,100169,2,2,,0,,0,1,1000,,,,50,1,1,,song_tag_7,1,,,169,,,,
170,100170,2,2,,0,,0,1,1000,,,,50,1,1,,song_tag_6,1,,,170,,,,
171,100171,2,2,,0,,0,1,1000,,,,50,1,1,,song_tag_6,1,,,171,,,,
172,100172,2,2,,0,,0,1,1000,,,,50,1,1,,song_tag_7,1,,,172,,,,
173,100173,2,2,,0,,0,1,1000,,,,50,1,1,,song_tag_7,1,,,173,,,,
174,100174,2,2,,0,,0,1,1000,,,,50,1,1,,song_tag_6,1,,,174,,,,
175,100175,2,2,,0,,0,1,1000,,,,50,1,1,,song_tag_7,1,,,175,,,,
176,100176,2,2,,0,,0,1,1000,,,,50,1,1,,song_tag_7,1,,,176,,,,
177,100177,2,2,,0,,0,1,1000,,,,50,1,1,,song_tag_7,1,,,177,,,,
178,100178,2,2,,0,,0,1,1000,,,,50,1,1,,song_tag_7,1,,,178,,,,
179,100179,2,2,,0,,0,1,1000,,,,50,1,1,,song_tag_7,1,,,179,,,,
180,100180,2,2,,0,,0,1,1000,,,,50,1,1,,song_tag_7,1,,,180,,,,
181,100181,2,2,,0,,0,1,1000,,,,50,1,1,,song_tag_7,1,,,181,,,,
182,100182,2,2,,0,,0,1,1000,,,,50,1,1,,song_tag_7,1,,,182,,,,
183,100183,2,2,,0,,0,1,1000,,,,50,1,1,,song_tag_7,1,,,183,,,,
184,100184,2,2,,0,,0,1,1000,,,,50,1,1,,song_tag_7,1,,,184,,,,
185,100185,2,2,,0,,0,1,1000,,,,50,1,1,,song_tag_7,1,,,185,,,,
186,100186,2,2,,0,,0,1,1000,,,,50,1,1,,song_tag_7,1,,,186,,,,
187,100187,2,2,,0,,0,1,1000,,,,50,1,1,,song_tag_7,1,,,187,,,,
188,100188,2,2,,0,,0,1,1000,,,,50,1,1,,song_tag_5,1,,,188,,,,
189,100189,2,2,,0,,0,1,1000,,,,50,1,1,,song_tag_3,1,,,189,,,,
190,100190,2,2,,0,,0,1,1000,,,,50,1,1,,song_tag_3,1,,,190,,,,
191,100191,2,2,,0,,0,1,1000,,,,50,1,1,,song_tag_7,1,,,191,,,,
192,100192,2,2,,0,,0,1,1000,,,,50,1,1,,song_tag_8,1,,,192,,,,
193,100193,2,2,,0,,0,1,1000,,,,50,1,1,,song_tag_5,1,,,193,,,,
194,100194,2,2,,0,,0,1,1000,,,,50,1,1,,song_tag_7,1,,,194,,,,
195,100195,2,2,,0,,0,1,1000,,,,50,1,1,,song_tag_5,1,,,195,,,,
196,100196,2,2,,0,,0,1,1000,,,,50,1,1,,song_tag_8,1,,,196,,,,
197,100197,2,2,,0,,0,1,1000,,,,50,1,1,,song_tag_5,1,,,197,,,,
198,100198,2,2,,0,,0,1,1000,,,,50,1,1,,song_tag_3,1,,,198,,,,
199,100199,2,2,,0,,0,1,1000,,,,50,1,1,,song_tag_3,1,,,199,,,,
200,100200,2,2,,0,,0,1,1000,,,,50,1,1,,song_tag_7,1,,,200,,,,
201,100201,2,2,,0,,0,1,1000,,,,50,1,1,,song_tag_6,1,,,201,,,,
202,100202,2,2,,0,,0,1,1000,,,,50,1,1,,song_tag_5,1,,,202,,,,
203,100203,2,2,,0,,0,1,1000,,,,50,1,1,,song_tag_3,1,,,203,,,,
204,100204,2,2,,0,,0,1,1000,,,,50,1,1,,song_tag_3,1,,,204,,,,
205,100205,2,2,,0,,0,1,1000,,,,50,1,1,,song_tag_9,1,,,205,,,,
206,100206,2,2,,0,,0,1,1000,,,,50,1,1,,song_tag_3,1,,,206,,,,
207,100207,2,2,,0,,0,1,1000,,,,50,1,1,,song_tag_4,1,,,207,,,,
208,100208,2,2,,0,,0,1,1000,,,,50,1,1,,song_tag_3,1,,,208,,,,
209,100209,2,2,,0,,0,1,1000,,,,50,1,1,,song_tag_3,1,,,209,,,,
210,100210,2,2,,0,,0,1,1000,,,,50,1,1,,song_tag_6,1,,,210,,,,
211,100211,2,2,,0,,0,1,1000,,,,50,1,1,,song_tag_3,1,,,211,,,,
212,100212,2,2,,0,,0,1,1000,,,,50,1,1,,song_tag_4,1,,,212,,,,
213,100213,2,2,,0,,0,1,1000,,,,50,1,1,,song_tag_3,1,,,213,,,,
214,100214,2,2,,0,,0,1,1000,,,,50,1,1,,song_tag_8,1,,,214,,,,
215,100215,2,2,,0,,0,1,1000,,,,50,1,1,,song_tag_5,1,,,215,,,,
216,100216,2,2,,0,,0,1,1000,,,,50,1,1,,song_tag_5,1,,,216,,,,
217,100217,2,2,,0,,0,1,1000,,,,50,1,1,,song_tag_6,1,,,217,,,,
218,100218,2,2,,0,,0,1,1000,,,,50,1,1,,song_tag_5,1,,,218,,,,
219,100219,2,2,,0,,0,1,1000,,,,50,1,1,,song_tag_6,1,,,219,,,,
220,100220,2,2,,0,,0,1,1000,,,,50,1,1,,song_tag_5,1,,,220,,,,
221,100221,2,2,,0,,0,1,1000,,,,50,1,1,,song_tag_5,1,,,221,,,,
222,100222,2,2,,0,,0,1,1000,,,,50,1,1,,song_tag_3,1,,,222,,,,
223,100223,2,2,,0,,0,1,1000,,,,50,1,1,,song_tag_3,1,,,223,,,,
224,100224,2,2,,0,,0,1,1000,,,,50,1,1,,song_tag_3,1,,,224,,,,
225,100225,2,2,,0,,0,1,1000,,,,50,1,1,,song_tag_7,1,,,225,,,,
226,100226,2,2,,0,,0,1,1000,,,,50,1,1,,song_tag_7,1,,,226,,,,
227,100227,2,2,,0,,0,1,1000,,,,50,1,1,,song_tag_3,1,,,227,,,,
228,100228,2,2,,0,,0,1,1000,,,,50,1,1,,song_tag_9,1,,,228,,,,
229,100229,2,2,,0,,0,1,1000,,,,50,1,1,,song_tag_7,1,,,229,,,,
230,100230,2,2,,0,,0,1,1000,,,,50,1,1,,song_tag_4,1,,,230,,,,
231,100231,2,2,,0,,0,1,1000,,,,50,1,1,,song_tag_8,1,,,231,,,,
232,100232,2,2,,0,,0,1,1000,,,,50,1,1,,song_tag_11,1,,,232,,,,
233,100233,2,2,,0,,0,1,1000,,,,50,1,1,,song_tag_7,1,,,233,,,,
234,100234,2,2,,0,,0,1,1000,,,,50,1,1,,song_tag_7,1,,,234,,,,
235,100235,2,2,,0,,0,1,1000,,,,50,1,1,,song_tag_11,1,,,235,,,,
236,100236,2,2,,0,,0,1,1000,,,,50,1,1,,song_tag_7,1,,,236,,,,
237,100237,2,2,,0,,0,1,1000,,,,50,1,1,,song_tag_3,1,,,237,,,,
238,100238,2,2,,0,,0,1,1000,,,,50,1,1,,song_tag_8,1,,,238,,,,
239,100239,2,2,,0,,0,1,1000,,,,50,1,1,,song_tag_3,1,,,239,,,,
240,100240,2,2,,0,,0,1,1000,,,,50,1,1,,song_tag_11,1,,,240,,,,
241,100241,2,2,,0,,0,1,1000,,,,50,1,1,,song_tag_4,1,,,241,,,,
242,100242,2,2,,0,,0,1,1000,,,,50,1,1,,song_tag_3,1,,,242,,,,
243,100243,2,2,,0,,0,1,1000,,,,50,1,1,,song_tag_3,1,,,243,,,,
244,100244,2,2,,0,,0,1,1000,,,,50,1,1,,song_tag_5,1,,,244,,,,
245,100245,2,2,,0,,0,1,1000,,,,50,1,1,,song_tag_11,1,,,245,,,,
246,100246,2,2,,0,,0,1,1000,,,,50,1,1,,song_tag_11,1,,,246,,,,
247,100247,2,2,,0,,0,1,1000,,,,50,1,1,,song_tag_11,1,,,247,,,,
248,100248,2,2,,0,,0,1,1000,,,,50,1,1,,song_tag_11,1,,,248,,,,
249,100249,2,2,,0,,0,1,1000,,,,50,1,1,,song_tag_1,1,,,249,,,,
250,100250,2,2,,0,,0,1,1000,,,,50,1,1,,song_tag_6,1,,,250,,,,
251,100251,2,2,,0,,0,1,1000,,,,50,1,1,,song_tag_6,1,,,251,,,,
252,100252,2,2,,0,,0,1,1000,,,,50,1,1,,song_tag_8,1,,,252,,,,
253,100253,2,2,,0,,0,1,1000,,,,50,1,1,,song_tag_8,1,,,253,,,,
254,100254,2,2,,0,,0,1,1000,,,,50,1,1,,song_tag_9,1,,,254,,,,
255,100255,2,2,,0,,0,1,1000,,,,50,1,1,,song_tag_11,1,,,255,,,,
256,100256,2,2,,0,,0,1,1000,,,,50,1,1,,song_tag_11,1,,,256,,,,
257,100257,2,2,,0,,0,1,1000,,,,50,1,1,,song_tag_11,1,,,257,,,,
258,100258,2,2,,0,,0,1,1000,,,,50,1,1,,song_tag_1,1,,,258,,,,
259,100259,2,2,,0,,0,1,1000,,,,50,1,1,,song_tag_3,1,,,259,,,,
260,100260,2,2,,0,,0,1,1000,,,,50,1,1,,song_tag_3,1,,,260,,,,
261,100261,2,2,,0,,0,1,1000,,,,50,1,1,,song_tag_6,1,,,261,,,,
262,100262,2,2,,0,,0,1,1000,,,,50,1,1,,song_tag_5,1,,,262,,,,
263,100263,2,2,,0,,0,1,1000,,,,50,1,1,,song_tag_1,1,,,263,,,,
264,100264,2,2,,0,,0,1,1000,,,,50,1,1,,song_tag_6,1,,,264,,,,
265,100265,2,2,,0,,0,1,1000,,,,50,1,1,,song_tag_5,1,,,265,,,,
266,100266,2,2,,0,,0,1,1000,,,,50,1,1,,song_tag_6,1,,,266,,,,
267,100267,2,2,,0,,0,1,1000,,,,50,1,1,,song_tag_4,1,,,267,,,,
268,100268,2,2,,0,,0,1,1000,,,,50,1,1,,song_tag_9,1,,,268,,,,
269,100269,2,2,,0,,0,1,1000,,,,50,1,1,,song_tag_6,1,,,269,,,,
270,100270,2,2,,0,,0,1,1000,,,,50,1,1,,song_tag_9,1,,,270,,,,
271,100271,2,2,,0,,0,1,1000,,,,50,1,1,,song_tag_9,1,,,271,,,,
272,100272,2,2,,0,,0,1,1000,,,,50,1,1,,song_tag_3,1,,,272,,,,
273,100273,2,2,,0,,0,1,1000,,,,50,1,1,,song_tag_11,1,,,273,,,,
274,100274,2,2,,0,,0,1,1000,,,,50,1,1,,song_tag_6,1,,,274,,,,
275,100275,2,2,,0,,0,1,1000,,,,50,1,1,,song_tag_7,1,,,275,,,,
276,100276,2,2,,0,,0,1,1000,,,,50,1,1,,song_tag_6,1,,,276,,,,
277,100277,2,2,,0,,0,1,1000,,,,50,1,1,,song_tag_3,1,,,277,,,,
278,100278,2,2,,0,,0,1,1000,,,,50,1,1,,song_tag_9,1,,,278,,,,
279,100279,2,2,,0,,0,1,1000,,,,50,1,1,,song_tag_9,1,,,279,,,,
280,100280,2,2,,0,,0,1,1000,,,,50,1,1,,song_tag_6,1,,,280,,,,
281,100281,2,2,,0,,0,1,1000,,,,50,1,1,,song_tag_7,1,,,281,,,,
282,100282,2,2,,0,,0,1,1000,,,,50,1,1,,song_tag_5,1,,,282,,,,
283,100283,2,2,,0,,0,1,1000,,,,50,1,1,,song_tag_3,1,,,283,,,,
284,100284,2,2,,0,,0,1,1000,,,,50,1,1,,song_tag_1,1,,,284,,,,
285,100285,2,2,,0,,0,1,1000,,,,50,1,1,,song_tag_11,1,,,285,,,,
286,100286,2,2,,0,,0,1,1000,,,,50,1,1,,song_tag_3,1,,,286,,,,
287,100287,2,2,,0,,0,1,1000,,,,50,1,1,,song_tag_7,1,,,287,,,,
288,100288,2,2,,0,,0,1,1000,,,,50,1,1,,song_tag_7,1,,,288,,,,
289,100289,2,2,,0,,0,1,1000,,,,50,1,1,,song_tag_7,1,,,289,,,,
290,100290,2,2,,0,,0,1,1000,,,,50,1,1,,song_tag_3,1,,,290,,,,
291,100291,2,2,,0,,0,1,1000,,,,50,1,1,,song_tag_7,1,,,291,,,,
292,100292,2,2,,0,,0,1,1000,,,,50,1,1,,song_tag_6,1,,,292,,,,
293,100293,2,2,,0,,0,1,1000,,,,50,1,1,,song_tag_7,1,,,293,,,,
294,100294,2,2,,0,,0,1,1000,,,,50,1,1,,song_tag_6,1,,,294,,,,
295,100295,2,2,,0,,0,1,1000,,,,50,1,1,,song_tag_6,1,,,295,,,,
296,100296,2,2,,0,,0,1,1000,,,,50,1,1,,song_tag_6,1,,,296,,,,
297,100297,2,2,,0,,0,1,1000,,,,50,1,1,,song_tag_5,1,,,297,,,,
298,100298,2,2,,0,,0,1,1000,,,,50,1,1,,song_tag_7,1,,,298,,,,
299,100299,2,2,,0,,0,1,1000,,,,50,1,1,,song_tag_7,1,,,299,,,,
300,100300,2,2,,0,,0,1,1000,,,,50,1,1,,song_tag_4,1,,,300,,,,
301,100301,2,2,,0,,0,1,1000,,,,50,1,1,,song_tag_1,1,,,301,,,,
302,100302,2,2,,0,,0,1,1000,,,,50,1,1,,song_tag_5,1,,,302,,,,
303,100303,2,2,,0,,0,1,1000,,,,50,1,1,,song_tag_3,1,,,303,,,,
304,100304,2,2,,0,,0,1,1000,,,,50,1,1,,song_tag_3,1,,,304,,,,
305,100305,2,2,,0,,0,1,1000,,,,50,1,1,,song_tag_3,1,,,305,,,,
306,100306,2,2,,0,,0,1,1000,,,,50,1,1,,song_tag_3,1,,,306,,,,
307,100307,2,2,,0,,0,1,1000,,,,50,1,1,,song_tag_3,1,,,307,,,,
308,100308,2,2,,0,,0,1,1000,,,,50,1,1,,song_tag_6,1,,,308,,,,
309,100309,2,2,,0,,0,1,1000,,,,50,1,1,,song_tag_6,1,,,309,,,,
310,100310,2,2,,0,,0,1,1000,,,,50,1,1,,song_tag_6,1,,,310,,,,
311,100311,2,2,,0,,0,1,1000,,,,50,1,1,,song_tag_11,1,,,311,,,,
312,100312,2,2,,0,,0,1,1000,,,,50,1,1,,song_tag_5,1,,,312,,,,
313,100313,2,2,,0,,0,1,1000,,,,50,1,1,,song_tag_5,1,,,313,,,,
314,100314,2,2,,0,,0,1,1000,,,,50,1,1,,song_tag_6,1,,,314,,,,
315,100315,2,2,,0,,0,1,1000,,,,50,1,1,,song_tag_5,1,,,315,,,,
316,100316,2,2,,0,,0,1,1000,,,,50,1,1,,song_tag_6,1,,,316,,,,
317,100317,2,2,,0,,0,1,1000,,,,50,1,1,,song_tag_5,1,,,317,,,,
318,100318,2,2,,0,,0,1,1000,,,,50,1,1,,song_tag_7,1,,,318,,,,
319,100319,2,2,,0,,0,1,1000,,,,50,1,1,,song_tag_4,1,,,319,,,,
320,100320,2,2,,0,,0,1,1000,,,,50,1,1,,song_tag_3,1,,,320,,,,
321,100321,2,2,,0,,0,1,1000,,,,50,1,1,,song_tag_5,1,,,321,,,,
322,100322,2,2,,0,,0,1,1000,,,,50,1,1,,song_tag_5,1,,,322,,,,
323,100323,2,2,,0,,0,1,1000,,,,50,1,1,,song_tag_7,1,,,323,,,,
324,100324,2,2,,0,,0,1,1000,,,,50,1,1,,song_tag_7,1,,,324,,,,
325,100325,2,2,,0,,0,1,1000,,,,50,1,1,,song_tag_7,1,,,325,,,,
326,100326,2,2,,0,,0,1,1000,,,,50,1,1,,song_tag_4,1,,,326,,,,
327,100327,2,2,,0,,0,1,1000,,,,50,1,1,,song_tag_3,1,,,327,,,,
328,100328,2,2,,0,,0,1,1000,,,,50,1,1,,song_tag_6,1,,,328,,,,
329,100329,2,2,,0,,0,1,1000,,,,50,1,1,,song_tag_6,1,,,329,,,,
330,100330,2,2,,0,,0,1,1000,,,,50,1,1,,song_tag_3,1,,,330,,,,
331,100331,2,2,,0,,0,1,1000,,,,50,1,1,,song_tag_5,1,,,331,,,,
332,100332,2,2,,0,,0,1,1000,,,,50,1,1,,song_tag_6,1,,,332,,,,
333,100333,2,2,,0,,0,1,1000,,,,50,1,1,,song_tag_6,1,,,333,,,,
334,100334,2,2,,0,,0,1,1000,,,,50,1,1,,song_tag_6,1,,,334,,,,
335,100335,2,2,,0,,0,1,1000,,,,50,1,1,,song_tag_7,1,,,335,,,,
336,100336,2,2,,0,,0,1,1000,,,,50,1,1,,song_tag_6,1,,,336,,,,
337,100337,2,2,,0,,0,1,1000,,,,50,1,1,,song_tag_6,1,,,337,,,,
338,100338,2,2,,0,,0,1,1000,,,,50,1,1,,song_tag_7,1,,,338,,,,
339,100339,2,2,,0,,0,1,1000,,,,50,1,1,,song_tag_6,1,,,339,,,,
340,100340,2,2,,0,,0,1,1000,,,,50,1,1,,song_tag_4,1,,,340,,,,
341,100341,2,2,,0,,0,1,1000,,,,50,1,1,,song_tag_9,1,,,341,,,,
342,100342,2,2,,0,,0,1,1000,,,,50,1,1,,song_tag_4,1,,,342,,,,
343,100343,2,2,,0,,0,1,1000,,,,50,1,1,,song_tag_6,1,,,343,,,,
344,100344,2,2,,0,,0,1,1000,,,,50,1,1,,song_tag_5,1,,,344,,,,
345,100345,2,2,,0,,0,1,1000,,,,50,1,1,,song_tag_4,1,,,345,,,,
346,100346,2,2,,0,,0,1,1000,,,,50,1,1,,song_tag_8,1,,,346,,,,
347,100347,2,2,,0,,0,1,1000,,,,50,1,1,,song_tag_9,1,,,347,,,,
348,100348,2,2,,0,,0,1,1000,,,,50,1,1,,song_tag_3,1,,,348,,,,
349,100349,2,2,,0,,0,1,1000,,,,50,1,1,,song_tag_5,1,,,349,,,,
350,100350,2,2,,0,,0,1,1000,,,,50,1,1,,song_tag_5,1,,,350,,,,
351,100351,2,2,,0,,0,1,1000,,,,50,1,1,,song_tag_4,1,,,351,,,,
352,100352,2,2,,0,,0,1,1000,,,,50,1,1,,song_tag_4,1,,,352,,,,
353,100353,2,2,,0,,0,1,1000,,,,50,1,1,,song_tag_6,1,,,353,,,,
354,100354,2,2,,0,,0,1,1000,,,,50,1,1,,song_tag_7,1,,,354,,,,
355,100355,2,2,,0,,0,1,1000,,,,50,1,1,,song_tag_5,1,,,355,,,,
356,100356,2,2,,0,,0,1,1000,,,,50,1,1,,song_tag_5,1,,,356,,,,
357,100357,2,2,,0,,0,1,1000,,,,50,1,1,,song_tag_4,1,,,357,,,,
358,100358,2,2,,0,,0,1,1000,,,,50,1,1,,song_tag_6,1,,,358,,,,
359,100359,2,2,,0,,0,1,1000,,,,50,1,1,,song_tag_4,1,,,359,,,,
360,100360,2,2,,0,,0,1,1000,,,,50,1,1,,song_tag_5,1,,,360,,,,
361,100361,2,2,,0,,0,1,1000,,,,50,1,1,,song_tag_1,1,,,361,,,,
362,100362,2,2,,0,,0,1,1000,,,,50,1,1,,song_tag_8,1,,,362,,,,
363,100363,2,2,,0,,0,1,1000,,,,50,1,1,,song_tag_3,1,,,363,,,,
364,100364,2,2,,0,,0,1,1000,,,,50,1,1,,song_tag_5,1,,,364,,,,
365,100365,2,2,,0,,0,1,1000,,,,50,1,1,,song_tag_3,1,,,365,,,,
366,100366,2,2,,0,,0,1,1000,,,,50,1,1,,song_tag_5,1,,,366,,,,
367,100367,2,2,,0,,0,1,1000,,,,50,1,1,,song_tag_4,1,,,367,,,,
368,100368,2,2,,0,,0,1,1000,,,,50,1,1,,song_tag_5,1,,,368,,,,
369,100369,2,2,,0,,0,1,1000,,,,50,1,1,,song_tag_6,1,,,369,,,,
370,100370,2,2,,0,,0,1,1000,,,,50,1,1,,song_tag_7,1,,,370,,,,
371,100371,2,2,,0,,0,1,1000,,,,50,1,1,,song_tag_5,1,,,371,,,,
372,100372,2,2,,0,,0,1,1000,,,,50,1,1,,song_tag_6,1,,,372,,,,
373,100373,2,2,,0,,0,1,1000,,,,50,1,1,,song_tag_8,1,,,373,,,,
374,100374,2,2,,0,,0,1,1000,,,,50,1,1,,song_tag_6,1,,,374,,,,
375,100375,2,2,,0,,0,1,1000,,,,50,1,1,,song_tag_5,1,,,375,,,,
376,100376,2,2,,0,,0,1,1000,,,,50,1,1,,song_tag_4,1,,,376,,,,
377,100377,2,2,,0,,0,1,1000,,,,50,1,1,,song_tag_4,1,,,377,,,,
378,100378,2,2,,0,,0,1,1000,,,,50,1,1,,song_tag_4,1,,,378,,,,
379,100379,2,2,,0,,0,1,1000,,,,50,1,1,,song_tag_7,1,,,379,,,,
380,100380,2,2,,0,,0,1,1000,,,,50,1,1,,song_tag_7,1,,,380,,,,
381,100381,2,2,,0,,0,1,1000,,,,50,1,1,,song_tag_3,1,,,381,,,,
382,100382,2,2,,0,,0,1,1000,,,,50,1,1,,song_tag_6,1,,,382,,,,
383,100383,2,2,,0,,0,1,1000,,,,50,1,1,,song_tag_6,1,,,383,,,,
384,100384,2,2,,0,,0,1,1000,,,,50,1,1,,song_tag_4,1,,,384,,,,
385,100385,2,2,,0,,0,1,1000,,,,50,1,1,,song_tag_6,1,,,385,,,,
386,100386,2,2,,0,,0,1,1000,,,,50,1,1,,song_tag_4,1,,,386,,,,
387,100387,2,2,,0,,0,1,1000,,,,50,1,1,,song_tag_6,1,,,387,,,,
388,100388,2,2,,0,,0,1,1000,,,,50,1,1,,song_tag_7,1,,,388,,,,
389,100389,2,2,,0,,0,1,1000,,,,50,1,1,,song_tag_8,1,,,389,,,,
390,100390,2,2,,0,,0,1,1000,,,,50,1,1,,song_tag_4,1,,,390,,,,
391,100391,2,2,,0,,0,1,1000,,,,50,1,1,,song_tag_7,1,,,391,,,,
392,100392,2,2,,0,,0,1,1000,,,,50,1,1,,song_tag_7,1,,,392,,,,
393,100393,2,2,,0,,0,1,1000,,,,50,1,1,,song_tag_7,1,,,393,,,,
394,100394,2,2,,0,,0,1,1000,,,,50,1,1,,song_tag_6,1,,,394,,,,
395,100395,2,2,,0,,0,1,1000,,,,50,1,1,,song_tag_10,1,,,395,,,,
396,100396,2,2,,0,,0,1,1000,,,,50,1,1,,song_tag_6,1,,,396,,,,
397,100397,2,2,,0,,0,1,1000,,,,50,1,1,,song_tag_6,1,,,397,,,,
398,100398,2,2,,0,,0,1,1000,,,,50,1,1,,song_tag_3,1,,,398,,,,
399,100399,2,2,,0,,0,1,1000,,,,50,1,1,,song_tag_7,1,,,399,,,,
400,100400,2,2,,0,,0,1,1000,,,,50,1,1,,song_tag_8,1,,,400,,,,
401,100401,2,2,,0,,0,1,1000,,,,50,1,1,,song_tag_4,1,,,401,,,,
402,100402,2,2,,0,,0,1,1000,,,,50,1,1,,song_tag_6,1,,,402,,,,
403,100403,2,2,,0,,0,1,1000,,,,50,1,1,,song_tag_9,1,,,403,,,,
404,100404,2,2,,0,,0,1,1000,,,,50,1,1,,song_tag_8,1,,,404,,,,
405,100405,2,2,,0,,0,1,1000,,,,50,1,1,,song_tag_7,1,,,405,,,,
406,100406,2,2,,0,,0,1,1000,,,,50,1,1,,song_tag_6,1,,,406,,,,
407,100407,2,2,,0,,0,1,1000,,,,50,1,1,,song_tag_7,1,,,407,,,,
408,100408,2,2,,0,,0,1,1000,,,,50,1,1,,song_tag_6,1,,,408,,,,
409,100409,2,2,,0,,0,1,1000,,,,50,1,1,,song_tag_6,1,,,409,,,,
410,100410,2,2,,0,,0,1,1000,,,,50,1,1,,song_tag_3,1,,,410,,,,
411,100411,2,2,,0,,0,1,1000,,,,50,1,1,,song_tag_3,1,,,411,,,,
412,100412,2,2,,0,,0,1,1000,,,,50,1,1,,song_tag_9,1,,,412,,,,
413,100413,2,2,,0,,0,1,1000,,,,50,1,1,,song_tag_7,1,,,413,,,,
414,100414,2,2,,0,,0,1,1000,,,,50,1,1,,song_tag_4,1,,,414,,,,
415,100415,2,2,,0,,0,1,1000,,,,50,1,1,,song_tag_9,1,,,415,,,,
416,100416,2,2,,0,,0,1,1000,,,,50,1,1,,song_tag_6,1,,,416,,,,
417,100417,2,2,,0,,0,1,1000,,,,50,1,1,,song_tag_6,1,,,417,,,,
418,100418,2,2,,0,,0,1,1000,,,,50,1,1,,song_tag_4,1,,,418,,,,
419,100419,2,2,,0,,0,1,1000,,,,50,1,1,,song_tag_7,1,,,419,,,,
420,100420,2,2,,0,,0,1,1000,,,,50,1,1,,song_tag_6,1,,,420,,,,
421,100421,2,2,,0,,0,1,1000,,,,50,1,1,,song_tag_6,1,,,421,,,,
422,100422,2,2,,0,,0,1,1000,,,,50,1,1,,song_tag_7,1,,,422,,,,
423,100423,2,2,,0,,0,1,1000,,,,50,1,1,,song_tag_3,1,,,423,,,,
424,100424,2,2,,0,,0,1,1000,,,,50,1,1,,song_tag_3,1,,,424,,,,
425,100425,2,2,,0,,0,1,1000,,,,50,1,1,,song_tag_6,1,,,425,,,,
426,100426,2,2,,0,,0,1,1000,,,,50,1,1,,song_tag_7,1,,,426,,,,
427,100427,2,2,,0,,0,1,1000,,,,50,1,1,,song_tag_6,1,,,427,,,,
428,100428,2,2,,0,,0,1,1000,,,,50,1,1,,song_tag_9,1,,,428,,,,
429,100429,2,2,,0,,0,1,1000,,,,50,1,1,,song_tag_6,1,,,429,,,,
430,100430,2,2,,0,,0,1,1000,,,,50,1,1,,song_tag_6,1,,,430,,,,
431,100431,2,2,,0,,0,1,1000,,,,50,1,1,,song_tag_7,1,,,431,,,,
432,100432,2,2,,0,,0,1,1000,,,,50,1,1,,song_tag_4,1,,,432,,,,
433,100433,2,2,,0,,0,1,1000,,,,50,1,1,,song_tag_6,1,,,433,,,,
434,100434,2,2,,0,,0,1,1000,,,,50,1,1,,song_tag_5,1,,,434,,,,
435,100435,2,2,,0,,0,1,1000,,,,50,1,1,,song_tag_3,1,,,435,,,,
436,100436,2,2,,0,,0,1,1000,,,,50,1,1,,song_tag_6,1,,,436,,,,
437,100437,2,2,,0,,0,1,1000,,,,50,1,1,,song_tag_6,1,,,437,,,,
438,100438,2,2,,0,,0,1,1000,,,,50,1,1,,song_tag_5,1,,,438,,,,
439,100439,2,2,,0,,0,1,1000,,,,50,1,1,,song_tag_5,1,,,439,,,,
440,100440,2,2,,0,,0,1,1000,,,,50,1,1,,song_tag_7,1,,,440,,,,
441,100441,2,2,,0,,0,1,1000,,,,50,1,1,,song_tag_8,1,,,441,,,,
442,100442,2,2,,0,,0,1,1000,,,,50,1,1,,song_tag_6,1,,,442,,,,
443,100443,2,2,,0,,0,1,1000,,,,50,1,1,,song_tag_6,1,,,443,,,,
444,100444,2,2,,0,,0,1,1000,,,,50,1,1,,song_tag_11,1,,,444,,,,
445,100445,2,2,,0,,0,1,1000,,,,50,1,1,,song_tag_1,1,,,445,,,,
446,100446,2,2,,0,,0,1,1000,,,,50,1,1,,song_tag_4,1,,,446,,,,
447,100447,2,2,,0,,0,1,1000,,,,50,1,1,,song_tag_6,1,,,447,,,,
448,100448,2,2,,0,,0,1,1000,,,,50,1,1,,song_tag_6,1,,,448,,,,
449,100449,2,2,,0,,0,1,1000,,,,50,1,1,,song_tag_7,1,,,449,,,,
450,100450,2,2,,0,,0,1,1000,,,,50,1,1,,song_tag_7,1,,,450,,,,
451,100451,2,2,,0,,0,1,1000,,,,50,1,1,,song_tag_6,1,,,451,,,,
452,100452,2,2,,0,,0,1,1000,,,,50,1,1,,song_tag_6,1,,,452,,,,
453,100453,2,2,,0,,0,1,1000,,,,50,1,1,,song_tag_7,1,,,453,,,,
454,100454,2,2,,0,,0,1,1000,,,,50,1,1,,song_tag_9,1,,,454,,,,
455,100455,2,2,,0,,0,1,1000,,,,50,1,1,,song_tag_9,1,,,455,,,,
456,100456,2,2,,0,,0,1,1000,,,,50,1,1,,song_tag_8,1,,,456,,,,
457,100457,2,2,,0,,0,1,1000,,,,50,1,1,,song_tag_5,1,,,457,,,,
458,100458,2,2,,0,,0,1,1000,,,,50,1,1,,song_tag_8,1,,,458,,,,
459,100459,2,2,,0,,0,1,1000,,,,50,1,1,,song_tag_7,1,,,459,,,,
460,100460,2,2,,0,,0,1,1000,,,,50,1,1,,song_tag_8,1,,,460,,,,
461,100461,2,2,,0,,0,1,1000,,,,50,1,1,,song_tag_1,1,,,461,,,,
462,100462,2,2,,0,,0,1,1000,,,,50,1,1,,song_tag_2,1,,,462,,,,
463,100463,2,2,,0,,0,1,1000,,,,50,1,1,,song_tag_5,1,,,463,,,,
464,100464,2,2,,0,,0,1,1000,,,,50,1,1,,song_tag_4,1,,,464,,,,
465,100465,2,2,,0,,0,1,1000,,,,50,1,1,,song_tag_4,1,,,465,,,,
466,100466,2,2,,0,,0,1,1000,,,,50,1,1,,song_tag_5,1,,,466,,,,
467,100467,2,2,,0,,0,1,1000,,,,50,1,1,,song_tag_4,1,,,467,,,,
468,100468,2,2,,0,,0,1,1000,,,,50,1,1,,song_tag_6,1,,,468,,,,
469,100469,2,2,,0,,0,1,1000,,,,50,1,1,,song_tag_5,1,,,469,,,,
470,100470,2,2,,0,,0,1,1000,,,,50,1,1,,song_tag_8,1,,,470,,,,
471,100471,2,2,,0,,0,1,1000,,,,50,1,1,,song_tag_7,1,,,471,,,,
472,100472,2,2,,0,,0,1,1000,,,,50,1,1,,song_tag_4,1,,,472,,,,
473,100473,2,2,,0,,0,1,1000,,,,50,1,1,,song_tag_5,1,,,473,,,,
474,100474,2,2,,0,,0,1,1000,,,,50,1,1,,song_tag_5,1,,,474,,,,
475,100475,2,2,,0,,0,1,1000,,,,50,1,1,,song_tag_7,1,,,475,,,,
476,100476,2,2,,0,,0,1,1000,,,,50,1,1,,song_tag_7,1,,,476,,,,
477,100477,2,2,,0,,0,1,1000,,,,50,1,1,,song_tag_6,1,,,477,,,,
478,100478,2,2,,0,,0,1,1000,,,,50,1,1,,song_tag_4,1,,,478,,,,
479,100479,2,2,,0,,0,1,1000,,,,50,1,1,,song_tag_7,1,,,479,,,,
480,100480,2,2,,0,,0,1,1000,,,,50,1,1,,song_tag_6,1,,,480,,,,
481,100481,2,2,,0,,0,1,1000,,,,50,1,1,,song_tag_3,1,,,481,,,,
482,100482,2,2,,0,,0,1,1000,,,,50,1,1,,song_tag_9,1,,,482,,,,
483,100483,2,2,,0,,0,1,1000,,,,50,1,1,,song_tag_3,1,,,483,,,,
484,100484,2,2,,0,,0,1,1000,,,,50,1,1,,song_tag_9,1,,,484,,,,
485,100485,2,2,,0,,0,1,1000,,,,50,1,1,,song_tag_6,1,,,485,,,,
486,100486,2,2,,0,,0,1,1000,,,,50,1,1,,song_tag_9,1,,,486,,,,
487,100487,2,2,,0,,0,1,1000,,,,50,1,1,,song_tag_11,1,,,487,,,,
488,100488,2,2,,0,,0,1,1000,,,,50,1,1,,song_tag_4,1,,,488,,,,
489,100489,2,2,,0,,0,1,1000,,,,50,1,1,,song_tag_5,1,,,489,,,,
490,100490,2,2,,0,,0,1,1000,,,,50,1,1,,song_tag_7,1,,,490,,,,
491,100491,2,2,,0,,0,1,1000,,,,50,1,1,,song_tag_3,1,,,491,,,,
492,100492,2,2,,0,,0,1,1000,,,,50,1,1,,song_tag_3,1,,,492,,,,
493,100493,2,2,,0,,0,1,1000,,,,50,1,1,,song_tag_6,1,,,493,,,,
494,100494,2,2,,0,,0,1,1000,,,,50,1,1,,song_tag_3,1,,,494,,,,
495,100495,2,2,,0,,0,1,1000,,,,50,1,1,,song_tag_5,1,,,495,,,,
496,100496,2,2,,0,,0,1,1000,,,,50,1,1,,song_tag_6,1,,,496,,,,
497,100497,2,2,,0,,0,1,1000,,,,50,1,1,,song_tag_6,1,,,497,,,,
498,100498,2,2,,0,,0,1,1000,,,,50,1,1,,song_tag_5,1,,,498,,,,
499,100499,2,2,,0,,0,1,1000,,,,50,1,1,,song_tag_7,1,,,499,,,,
500,100500,2,2,,0,,0,1,1000,,,,50,1,1,,song_tag_7,1,,,500,,,,
501,100501,2,2,,0,,0,1,1000,,,,50,1,1,,song_tag_3,1,,,501,,,,
502,100502,2,2,,0,,0,1,1000,,,,50,1,1,,song_tag_7,1,,,502,,,,
503,100503,2,2,,0,,0,1,1000,,,,50,1,1,,song_tag_11,1,,,503,,,,
504,100504,2,2,,0,,0,1,1000,,,,50,1,1,,song_tag_5,1,,,504,,,,
505,100505,2,2,,0,,0,1,1000,,,,50,1,1,,song_tag_4,1,,,505,,,,
506,100506,2,2,,0,,0,1,1000,,,,50,1,1,,song_tag_4,1,,,506,,,,
507,100507,2,2,,0,,0,1,1000,,,,50,1,1,,song_tag_7,1,,,507,,,,
508,100508,2,2,,0,,0,1,1000,,,,50,1,1,,song_tag_6,1,,,508,,,,
509,100509,2,2,,0,,0,1,1000,,,,50,1,1,,song_tag_6,1,,,509,,,,
510,100510,2,2,,0,,0,1,1000,,,,50,1,1,,song_tag_5,1,,,510,,,,
511,100511,2,2,,0,,0,1,1000,,,,50,1,1,,song_tag_5,1,,,511,,,,
512,100512,2,2,,0,,0,1,1000,,,,50,1,1,,song_tag_3,1,,,512,,,,
513,100513,2,2,,0,,0,1,1000,,,,50,1,1,,song_tag_3,1,,,513,,,,
514,100514,2,2,,0,,0,1,1000,,,,50,1,1,,song_tag_7,1,,,514,,,,
515,100515,2,2,,0,,0,1,1000,,,,50,1,1,,song_tag_2,1,,,515,,,,
516,100516,2,2,,0,,0,1,1000,,,,50,1,1,,song_tag_8,1,,,516,,,,
517,100517,2,2,,0,,0,1,1000,,,,50,1,1,,song_tag_8,1,,,517,,,,
518,100518,2,2,,0,,0,1,1000,,,,50,1,1,,song_tag_4,1,,,518,,,,
519,100519,2,2,,0,,0,1,1000,,,,50,1,1,,song_tag_3,1,,,519,,,,
520,100520,2,2,,0,,0,1,1000,,,,50,1,1,,song_tag_7,1,,,520,,,,
521,100521,2,2,,0,,0,1,1000,,,,50,1,1,,song_tag_4,1,,,521,,,,
522,100522,2,2,,0,,0,1,1000,,,,50,1,1,,song_tag_4,1,,,522,,,,
523,100523,2,2,,0,,0,1,1000,,,,50,1,1,,song_tag_6,1,,,523,,,,
524,100524,2,2,,0,,0,1,1000,,,,50,1,1,,song_tag_6,1,,,524,,,,
525,100525,2,2,,0,,0,1,1000,,,,50,1,1,,song_tag_9,1,,,525,,,,
526,100526,2,2,,0,,0,1,1000,,,,50,1,1,,song_tag_2,1,,,526,,,,
527,100527,2,2,,0,,0,1,1000,,,,50,1,1,,song_tag_3,1,,,527,,,,
528,100528,2,2,,0,,0,1,1000,,,,50,1,1,,song_tag_6,1,,,528,,,,
529,100529,2,2,,0,,0,1,1000,,,,50,1,1,,song_tag_3,1,,,529,,,,
530,100530,2,2,,0,,0,1,1000,,,,50,1,1,,song_tag_5,1,,,530,,,,
531,100531,2,2,,0,,0,1,1000,,,,50,1,1,,song_tag_6,1,,,531,,,,
532,100532,2,2,,0,,0,1,1000,,,,50,1,1,,song_tag_6,1,,,532,,,,
533,100533,2,2,,0,,0,1,1000,,,,50,1,1,,song_tag_6,1,,,533,,,,
534,100534,2,2,,0,,0,1,1000,,,,50,1,1,,song_tag_7,1,,,534,,,,
535,100535,2,2,,0,,0,1,1000,,,,50,1,1,,song_tag_6,1,,,535,,,,
536,100536,2,2,,0,,0,1,1000,,,,50,1,1,,song_tag_7,1,,,536,,,,
537,100537,2,2,,0,,0,1,1000,,,,50,1,1,,song_tag_7,1,,,537,,,,
538,100538,2,2,,0,,0,1,1000,,,,50,1,1,,song_tag_3,1,,,538,,,,
539,100539,2,2,,0,,0,1,1000,,,,50,1,1,,song_tag_7,1,,,539,,,,
540,100540,2,2,,0,,0,1,1000,,,,50,1,1,,song_tag_7,1,,,540,,,,
541,100541,2,2,,0,,0,1,1000,,,,50,1,1,,song_tag_5,1,,,541,,,,
542,100542,2,2,,0,,0,1,1000,,,,50,1,1,,song_tag_5,1,,,542,,,,
543,100543,2,2,,0,,0,1,1000,,,,50,1,1,,song_tag_8,1,,,543,,,,
544,100544,2,2,,0,,0,1,1000,,,,50,1,1,,song_tag_4,1,,,544,,,,
545,100545,2,2,,0,,0,1,1000,,,,50,1,1,,song_tag_5,1,,,545,,,,
546,100546,2,2,,0,,0,1,1000,,,,50,1,1,,song_tag_4,1,,,546,,,,
547,100547,2,2,,0,,0,1,1000,,,,50,1,1,,song_tag_7,1,,,547,,,,
548,100548,2,2,,0,,0,1,1000,,,,50,1,1,,song_tag_8,1,,,548,,,,
549,100549,2,2,,0,,0,1,1000,,,,50,1,1,,song_tag_6,1,,,549,,,,
550,100550,2,2,,0,,0,1,1000,,,,50,1,1,,song_tag_5,1,,,550,,,,
551,100551,2,2,,0,,0,1,1000,,,,50,1,1,,song_tag_7,1,,,551,,,,
552,100552,2,2,,0,,0,1,1000,,,,50,1,1,,song_tag_5,1,,,552,,,,
553,100553,2,2,,0,,0,1,1000,,,,50,1,1,,song_tag_3,1,,,553,,,,
554,100554,2,2,,0,,0,1,1000,,,,50,1,1,,song_tag_7,1,,,554,,,,
555,100555,2,2,,0,,0,1,1000,,,,50,1,1,,song_tag_7,1,,,555,,,,
556,100556,2,2,,0,,0,1,1000,,,,50,1,1,,song_tag_6,1,,,556,,,,
557,100557,2,2,,0,,0,1,1000,,,,50,1,1,,song_tag_6,1,,,557,,,,
558,100558,2,2,,0,,0,1,1000,,,,50,1,1,,song_tag_5,1,,,558,,,,
559,100559,2,2,,0,,0,1,1000,,,,50,1,1,,song_tag_5,1,,,559,,,,
560,100560,2,2,,0,,0,1,1000,,,,50,1,1,,song_tag_7,1,,,560,,,,
561,100561,2,2,,0,,0,1,1000,,,,50,1,1,,song_tag_7,1,,,561,,,,
562,100562,2,2,,0,,0,1,1000,,,,50,1,1,,song_tag_9,1,,,562,,,,
563,100563,2,2,,0,,0,1,1000,,,,50,1,1,,song_tag_4,1,,,563,,,,
564,100564,2,2,,0,,0,1,1000,,,,50,1,1,,song_tag_6,1,,,564,,,,
565,100565,2,2,,0,,0,1,1000,,,,50,1,1,,song_tag_7,1,,,565,,,,
566,100566,2,2,,0,,0,1,1000,,,,50,1,1,,song_tag_7,1,,,566,,,,
567,100567,2,2,,0,,0,1,1000,,,,50,1,1,,song_tag_4,1,,,567,,,,
568,100568,2,2,,0,,0,1,1000,,,,50,1,1,,song_tag_7,1,,,568,,,,
569,100569,2,2,,0,,0,1,1000,,,,50,1,1,,song_tag_9,1,,,569,,,,
570,100570,2,2,,0,,0,1,1000,,,,50,1,1,,song_tag_7,1,,,570,,,,
571,100571,2,2,,0,,0,1,1000,,,,50,1,1,,song_tag_6,1,,,571,,,,
572,100572,2,2,,0,,0,1,1000,,,,50,1,1,,song_tag_3,1,,,572,,,,
573,100573,2,2,,0,,0,1,1000,,,,50,1,1,,song_tag_9,1,,,573,,,,
574,100574,2,2,,0,,0,1,1000,,,,50,1,1,,song_tag_7,1,,,574,,,,
575,100575,2,2,,0,,0,1,1000,,,,50,1,1,,song_tag_6,1,,,575,,,,
576,100576,2,2,,0,,0,1,1000,,,,50,1,1,,song_tag_6,1,,,576,,,,
577,100577,2,2,,0,,0,1,1000,,,,50,1,1,,song_tag_6,1,,,577,,,,
578,100578,2,2,,0,,0,1,1000,,,,50,1,1,,song_tag_6,1,,,578,,,,
579,100579,2,2,,0,,0,1,1000,,,,50,1,1,,song_tag_3,1,,,579,,,,
580,100580,2,2,,0,,0,1,1000,,,,50,1,1,,song_tag_4,1,,,580,,,,
581,100581,2,2,,0,,0,1,1000,,,,50,1,1,,song_tag_6,1,,,581,,,,
582,100582,2,2,,0,,0,1,1000,,,,50,1,1,,song_tag_6,1,,,582,,,,
583,100583,2,2,,0,,0,1,1000,,,,50,1,1,,song_tag_9,1,,,583,,,,
584,100584,2,2,,0,,0,1,1000,,,,50,1,1,,song_tag_6,1,,,584,,,,
585,100585,2,2,,0,,0,1,1000,,,,50,1,1,,song_tag_6,1,,,585,,,,
586,100586,2,2,,0,,0,1,1000,,,,50,1,1,,song_tag_3,1,,,586,,,,
587,100587,2,2,,0,,0,1,1000,,,,50,1,1,,song_tag_5,1,,,587,,,,
588,100588,2,2,,0,,0,1,1000,,,,50,1,1,,song_tag_5,1,,,588,,,,
589,100589,2,2,,0,,0,1,1000,,,,50,1,1,,song_tag_7,1,,,589,,,,
590,100590,2,2,,0,,0,1,1000,,,,50,1,1,,song_tag_4,1,,,590,,,,
591,100591,2,2,,0,,0,1,1000,,,,50,1,1,,song_tag_7,1,,,591,,,,
592,100592,2,2,,0,,0,1,1000,,,,50,1,1,,song_tag_5,1,,,592,,,,
593,100593,2,2,,0,,0,1,1000,,,,50,1,1,,song_tag_8,1,,,593,,,,
594,100594,2,2,,0,,0,1,1000,,,,50,1,1,,song_tag_1,1,,,594,,,,
595,100595,2,2,,0,,0,1,1000,,,,50,1,1,,song_tag_7,1,,,595,,,,
596,100596,2,2,,0,,0,1,1000,,,,50,1,1,,song_tag_6,1,,,596,,,,
597,100597,2,2,,0,,0,1,1000,,,,50,1,1,,song_tag_9,1,,,597,,,,
598,100598,2,2,,0,,0,1,1000,,,,50,1,1,,song_tag_8,1,,,598,,,,
599,100599,2,2,,0,,0,1,1000,,,,50,1,1,,song_tag_5,1,,,599,,,,
600,100600,2,2,,0,,0,1,1000,,,,50,1,1,,song_tag_9,1,,,600,,,,
601,100601,2,2,,0,,0,1,1000,,,,50,1,1,,song_tag_6,1,,,601,,,,
602,100602,2,2,,0,,0,1,1000,,,,50,1,1,,song_tag_7,1,,,602,,,,
603,100603,2,2,,0,,0,1,1000,,,,50,1,1,,song_tag_7,1,,,603,,,,
604,100604,2,2,,0,,0,1,1000,,,,50,1,1,,song_tag_5,1,,,604,,,,
605,100605,2,2,,0,,0,1,1000,,,,50,1,1,,song_tag_7,1,,,605,,,,
606,100606,2,2,,0,,0,1,1000,,,,50,1,1,,song_tag_7,1,,,606,,,,
607,100607,2,2,,0,,0,1,1000,,,,50,1,1,,song_tag_4,1,,,607,,,,
608,100608,2,2,,0,,0,1,1000,,,,50,1,1,,song_tag_6,1,,,608,,,,
609,100609,2,2,,0,,0,1,1000,,,,50,1,1,,song_tag_6,1,,,609,,,,
610,100610,2,2,,0,,0,1,1000,,,,50,1,1,,song_tag_4,1,,,610,,,,
611,100611,2,2,,0,,0,1,1000,,,,50,1,1,,song_tag_5,1,,,611,,,,
612,100612,2,2,,0,,0,1,1000,,,,50,1,1,,song_tag_4,1,,,612,,,,
613,100613,2,2,,0,,0,1,1000,,,,50,1,1,,song_tag_6,1,,,613,,,,
614,100614,2,2,,0,,0,1,1000,,,,50,1,1,,song_tag_3,1,,,614,,,,
615,100615,2,2,,0,,0,1,1000,,,,50,1,1,,song_tag_1,1,,,615,,,,
616,100616,2,2,,0,,0,1,1000,,,,50,1,1,,song_tag_3,1,,,616,,,,
617,100617,2,2,,0,,0,1,1000,,,,50,1,1,,song_tag_6,1,,,617,,,,
618,100618,2,2,,0,,0,1,1000,,,,50,1,1,,song_tag_3,1,,,618,,,,
619,100619,2,2,,0,,0,1,1000,,,,50,1,1,,song_tag_4,1,,,619,,,,
620,100620,2,2,,0,,0,1,1000,,,,50,1,1,,song_tag_5,1,,,620,,,,
621,100621,2,2,,0,,0,1,1000,,,,50,1,1,,song_tag_6,1,,,621,,,,
622,100622,2,2,,0,,0,1,1000,,,,50,1,1,,song_tag_4,1,,,622,,,,
623,100623,2,2,,0,,0,1,1000,,,,50,1,1,,song_tag_4,1,,,623,,,,
624,100624,2,2,,0,,0,1,1000,,,,50,1,1,,song_tag_4,1,,,624,,,,
625,100625,2,2,,0,,0,1,1000,,,,50,1,1,,song_tag_7,1,,,625,,,,
626,100626,2,2,,0,,0,1,1000,,,,50,1,1,,song_tag_4,1,,,626,,,,
627,100627,2,2,,0,,0,1,1000,,,,50,1,1,,song_tag_3,1,,,627,,,,
628,100628,2,2,,0,,0,1,1000,,,,50,1,1,,song_tag_4,1,,,628,,,,
629,100629,2,2,,0,,0,1,1000,,,,50,1,1,,song_tag_3,1,,,629,,,,
630,100630,2,2,,0,,0,1,1000,,,,50,1,1,,song_tag_6,1,,,630,,,,
631,100631,2,2,,0,,0,1,1000,,,,50,1,1,,song_tag_1,1,,,631,,,,
632,100632,2,2,,0,,0,1,1000,,,,50,1,1,,song_tag_3,1,,,632,,,,
633,100633,2,2,,0,,0,1,1000,,,,50,1,1,,song_tag_8,1,,,633,,,,
634,100634,2,2,,0,,0,1,1000,,,,50,1,1,,song_tag_3,1,,,634,,,,
635,100635,2,2,,0,,0,1,1000,,,,50,1,1,,song_tag_7,1,,,635,,,,
636,100636,2,2,,0,,0,1,1000,,,,50,1,1,,song_tag_7,1,,,636,,,,
637,100637,2,2,,0,,0,1,1000,,,,50,1,1,,song_tag_11,1,,,637,,,,
638,100638,2,2,,0,,0,1,1000,,,,50,1,1,,song_tag_7,1,,,638,,,,
639,100639,2,2,,0,,0,1,1000,,,,50,1,1,,song_tag_11,1,,,639,,,,
640,100640,2,2,,0,,0,1,1000,,,,50,1,1,,song_tag_9,1,,,640,,,,
641,100641,2,2,,0,,0,1,1000,,,,50,1,1,,song_tag_7,1,,,641,,,,
642,100642,2,2,,0,,0,1,1000,,,,50,1,1,,song_tag_6,1,,,642,,,,
643,100643,2,2,,0,,0,1,1000,,,,50,1,1,,song_tag_5,1,,,643,,,,
644,100644,2,2,,0,,0,1,1000,,,,50,1,1,,song_tag_6,1,,,644,,,,
645,100645,2,2,,0,,0,1,1000,,,,50,1,1,,song_tag_11,1,,,645,,,,
646,100646,2,2,,0,,0,1,1000,,,,50,1,1,,song_tag_11,1,,,646,,,,
647,100647,2,2,,0,,0,1,1000,,,,50,1,1,,song_tag_11,1,,,647,,,,
648,100648,2,2,,0,,0,1,1000,,,,50,1,1,,song_tag_8,1,,,648,,,,
649,100649,2,2,,0,,0,1,1000,,,,50,1,1,,song_tag_5,1,,,649,,,,
650,100650,2,2,,0,,0,1,1000,,,,50,1,1,,song_tag_6,1,,,650,,,,
651,100651,2,2,,0,,0,1,1000,,,,50,1,1,,song_tag_6,1,,,651,,,,
652,100652,2,2,,0,,0,1,1000,,,,50,1,1,,song_tag_3,1,,,652,,,,
653,100653,2,2,,0,,0,1,1000,,,,50,1,1,,song_tag_7,1,,,653,,,,
654,100654,2,2,,0,,0,1,1000,,,,50,1,1,,song_tag_7,1,,,654,,,,
655,100655,2,2,,0,,0,1,1000,,,,50,1,1,,song_tag_7,1,,,655,,,,
656,100656,2,2,,0,,0,1,1000,,,,50,1,1,,song_tag_7,1,,,656,,,,
657,100657,2,2,,0,,0,1,1000,,,,50,1,1,,song_tag_6,1,,,657,,,,
658,100658,2,2,,0,,0,1,1000,,,,50,1,1,,song_tag_6,1,,,658,,,,
659,100659,2,2,,0,,0,1,1000,,,,50,1,1,,song_tag_6,1,,,659,,,,
660,100660,2,2,,0,,0,1,1000,,,,50,1,1,,song_tag_6,1,,,660,,,,
661,100661,2,2,,0,,0,1,1000,,,,50,1,1,,song_tag_8,1,,,661,,,,
662,100662,2,2,,0,,0,1,1000,,,,50,1,1,,song_tag_8,1,,,662,,,,
663,100663,2,2,,0,,0,1,1000,,,,50,1,1,,song_tag_4,1,,,663,,,,
664,100664,2,2,,0,,0,1,1000,,,,50,1,1,,song_tag_7,1,,,664,,,,
665,100665,2,2,,0,,0,1,1000,,,,50,1,1,,song_tag_7,1,,,665,,,,
666,100666,2,2,,0,,0,1,1000,,,,50,1,1,,song_tag_6,1,,,666,,,,
667,100667,2,2,,0,,0,1,1000,,,,50,1,1,,song_tag_7,1,,,667,,,,
668,100668,2,2,,0,,0,1,1000,,,,50,1,1,,song_tag_7,1,,,668,,,,
669,100669,2,2,,0,,0,1,1000,,,,50,1,1,,song_tag_7,1,,,669,,,,
670,100670,2,2,,0,,0,1,1000,,,,50,1,1,,song_tag_4,1,,,670,,,,
671,100671,2,2,,0,,0,1,1000,,,,50,1,1,,song_tag_8,1,,,671,,,,
672,100672,2,2,,0,,0,1,1000,,,,50,1,1,,song_tag_11,1,,,672,,,,
673,100673,2,2,,0,,0,1,1000,,,,50,1,1,,song_tag_7,1,,,673,,,,
674,100674,2,2,,0,,0,1,1000,,,,50,1,1,,song_tag_8,1,,,674,,,,
675,100675,2,2,,0,,0,1,1000,,,,50,1,1,,song_tag_7,1,,,675,,,,
676,100676,2,2,,0,,0,1,1000,,,,50,1,1,,song_tag_8,1,,,676,,,,
677,100677,2,2,,0,,0,1,1000,,,,50,1,1,,song_tag_5,1,,,677,,,,
678,100678,2,2,,0,,0,1,1000,,,,50,1,1,,song_tag_5,1,,,678,,,,
679,100679,2,2,,0,,0,1,1000,,,,50,1,1,,song_tag_8,1,,,679,,,,
680,100680,2,2,,0,,0,1,1000,,,,50,1,1,,song_tag_5,1,,,680,,,,
681,100681,2,2,,0,,0,1,1000,,,,50,1,1,,song_tag_1,1,,,681,,,,
682,100682,2,2,,0,,0,1,1000,,,,50,1,1,,song_tag_9,1,,,682,,,,
683,100683,2,2,,0,,0,1,1000,,,,50,1,1,,song_tag_6,1,,,683,,,,
684,100684,2,2,,0,,0,1,1000,,,,50,1,1,,song_tag_9,1,,,684,,,,
685,100685,2,2,,0,,0,1,1000,,,,50,1,1,,song_tag_6,1,,,685,,,,
686,100686,2,2,,0,,0,1,1000,,,,50,1,1,,song_tag_1,1,,,686,,,,
687,100687,2,2,,0,,0,1,1000,,,,50,1,1,,song_tag_9,1,,,687,,,,
688,100688,2,2,,0,,0,1,1000,,,,50,1,1,,song_tag_6,1,,,688,,,,
689,100689,2,2,,0,,0,1,1000,,,,50,1,1,,song_tag_9,1,,,689,,,,
690,100690,2,2,,0,,0,1,1000,,,,50,1,1,,song_tag_1,1,,,690,,,,
691,100691,2,2,,0,,0,1,1000,,,,50,1,1,,song_tag_4,1,,,691,,,,
692,100692,2,2,,0,,0,1,1000,,,,50,1,1,,song_tag_4,1,,,692,,,,
693,100693,2,2,,0,,0,1,1000,,,,50,1,1,,song_tag_6,1,,,693,,,,
694,100694,2,2,,0,,0,1,1000,,,,50,1,1,,song_tag_6,1,,,694,,,,
695,100695,2,2,,0,,0,1,1000,,,,50,1,1,,song_tag_8,1,,,695,,,,
696,100696,2,2,,0,,0,1,1000,,,,50,1,1,,song_tag_6,1,,,696,,,,
697,100697,2,2,,0,,0,1,1000,,,,50,1,1,,song_tag_9,1,,,697,,,,
698,100698,2,2,,0,,0,1,1000,,,,50,1,1,,song_tag_4,1,,,698,,,,
699,100699,2,2,,0,,0,1,1000,,,,50,1,1,,song_tag_4,1,,,699,,,,
700,100700,2,2,,0,,0,1,1000,,,,50,1,1,,song_tag_10,1,,,700,,,,
701,100701,2,2,,0,,0,1,1000,,,,50,1,1,,song_tag_11,1,,,701,,,,
702,100702,2,2,,0,,0,1,1000,,,,50,1,1,,song_tag_7,1,,,702,,,,
703,100703,2,2,,0,,0,1,1000,,,,50,1,1,,song_tag_11,1,,,703,,,,
704,100704,2,2,,0,,0,1,1000,,,,50,1,1,,song_tag_4,1,,,704,,,,
705,100705,2,2,,0,,0,1,1000,,,,50,1,1,,song_tag_6,1,,,705,,,,
706,100706,2,2,,0,,0,1,1000,,,,50,1,1,,song_tag_4,1,,,706,,,,
707,100707,2,2,,0,,0,1,1000,,,,50,1,1,,song_tag_4,1,,,707,,,,
708,100708,2,2,,0,,0,1,1000,,,,50,1,1,,song_tag_7,1,,,708,,,,
709,100709,2,2,,0,,0,1,1000,,,,50,1,1,,song_tag_5,1,,,709,,,,
710,100710,2,2,,0,,0,1,1000,,,,50,1,1,,song_tag_3,1,,,710,,,,
711,100711,2,2,,0,,0,1,1000,,,,50,1,1,,song_tag_3,1,,,711,,,,
712,100712,2,2,,0,,0,1,1000,,,,50,1,1,,song_tag_3,1,,,712,,,,
713,100713,2,2,,0,,0,1,1000,,,,50,1,1,,song_tag_3,1,,,713,,,,
714,100714,2,2,,0,,0,1,1000,,,,50,1,1,,song_tag_3,1,,,714,,,,
715,100715,2,2,,0,,0,1,1000,,,,50,1,1,,song_tag_3,1,,,715,,,,
716,100716,2,2,,0,,0,1,1000,,,,50,1,1,,song_tag_3,1,,,716,,,,
717,100717,2,2,,0,,0,1,1000,,,,50,1,1,,song_tag_3,1,,,717,,,,
718,100718,2,2,,0,,0,1,1000,,,,50,1,1,,song_tag_3,1,,,718,,,,
719,100719,2,2,,0,,0,1,1000,,,,50,1,1,,song_tag_7,1,,,719,,,,
720,100720,2,2,,0,,0,1,1000,,,,50,1,1,,song_tag_6,1,,,720,,,,
721,100721,2,2,,0,,0,1,1000,,,,50,1,1,,song_tag_5,1,,,721,,,,
722,100722,2,2,,0,,0,1,1000,,,,50,1,1,,song_tag_6,1,,,722,,,,
723,100723,2,2,,0,,0,1,1000,,,,50,1,1,,song_tag_1,1,,,723,,,,
724,100724,2,2,,0,,0,1,1000,,,,50,1,1,,song_tag_6,1,,,724,,,,
725,100725,2,2,,0,,0,1,1000,,,,50,1,1,,song_tag_5,1,,,725,,,,
726,100726,2,2,,0,,0,1,1000,,,,50,1,1,,song_tag_5,1,,,726,,,,
727,100727,2,2,,0,,0,1,1000,,,,50,1,1,,song_tag_3,1,,,727,,,,
728,100728,2,2,,0,,0,1,1000,,,,50,1,1,,song_tag_3,1,,,728,,,,
729,100729,2,2,,0,,0,1,1000,,,,50,1,1,,song_tag_7,1,,,729,,,,
730,100730,2,2,,0,,0,1,1000,,,,50,1,1,,song_tag_8,1,,,730,,,,
731,100731,2,2,,0,,0,1,1000,,,,50,1,1,,song_tag_4,1,,,731,,,,
732,100732,2,2,,0,,0,1,1000,,,,50,1,1,,song_tag_4,1,,,732,,,,
733,100733,2,2,,0,,0,1,1000,,,,50,1,1,,song_tag_4,1,,,733,,,,
734,100734,2,2,,0,,0,1,1000,,,,50,1,1,,song_tag_8,1,,,734,,,,
735,100735,2,2,,0,,0,1,1000,,,,50,1,1,,song_tag_5,1,,,735,,,,
736,100736,2,2,,0,,0,1,1000,,,,50,1,1,,song_tag_6,1,,,736,,,,
737,100737,2,2,,0,,0,1,1000,,,,50,1,1,,song_tag_6,1,,,737,,,,
738,100738,2,2,,0,,0,1,1000,,,,50,1,1,,song_tag_7,1,,,738,,,,
739,100739,2,2,,0,,0,1,1000,,,,50,1,1,,song_tag_8,1,,,739,,,,
740,100740,2,2,,0,,0,1,1000,,,,50,1,1,,song_tag_8,1,,,740,,,,
741,100741,2,2,,0,,0,1,1000,,,,50,1,1,,song_tag_6,1,,,741,,,,
742,100742,2,2,,0,,0,1,1000,,,,50,1,1,,song_tag_4,1,,,742,,,,
743,100743,2,2,,0,,0,1,1000,,,,50,1,1,,song_tag_4,1,,,743,,,,
744,100744,2,2,,0,,0,1,1000,,,,50,1,1,,song_tag_4,1,,,744,,,,
745,100745,2,2,,0,,0,1,1000,,,,50,1,1,,song_tag_6,1,,,745,,,,
746,100746,2,2,,0,,0,1,1000,,,,50,1,1,,song_tag_4,1,,,746,,,,
747,100747,2,2,,0,,0,1,1000,,,,50,1,1,,song_tag_4,1,,,747,,,,
748,100748,2,2,,0,,0,1,1000,,,,50,1,1,,song_tag_5,1,,,748,,,,
749,100749,2,2,,0,,0,1,1000,,,,50,1,1,,song_tag_6,1,,,749,,,,
750,100750,2,2,,0,,0,1,1000,,,,50,1,1,,song_tag_5,1,,,750,,,,
751,100751,2,2,,0,,0,1,1000,,,,50,1,1,,song_tag_7,1,,,751,,,,
752,100752,2,2,,0,,0,1,1000,,,,50,1,1,,song_tag_6,1,,,752,,,,
753,100753,2,2,,0,,0,1,1000,,,,50,1,1,,song_tag_7,1,,,753,,,,
754,100754,2,2,,0,,0,1,1000,,,,50,1,1,,song_tag_7,1,,,754,,,,
755,100755,2,2,,0,,0,1,1000,,,,50,1,1,,song_tag_6,1,,,755,,,,
756,100756,2,2,,0,,0,1,1000,,,,50,1,1,,song_tag_7,1,,,756,,,,
757,100757,2,2,,0,,0,1,1000,,,,50,1,1,,song_tag_7,1,,,757,,,,
758,100758,2,2,,0,,0,1,1000,,,,50,1,1,,song_tag_6,1,,,758,,,,
759,100759,2,2,,0,,0,1,1000,,,,50,1,1,,song_tag_6,1,,,759,,,,
760,100760,2,2,,0,,0,1,1000,,,,50,1,1,,song_tag_7,1,,,760,,,,
761,100761,2,2,,0,,0,1,1000,,,,50,1,1,,song_tag_4,1,,,761,,,,
762,100762,2,2,,0,,0,1,1000,,,,50,1,1,,song_tag_6,1,,,762,,,,
763,100763,2,2,,0,,0,1,1000,,,,50,1,1,,song_tag_6,1,,,763,,,,
764,100764,2,2,,0,,0,1,1000,,,,50,1,1,,song_tag_4,1,,,764,,,,
765,100765,2,2,,0,,0,1,1000,,,,50,1,1,,song_tag_3,1,,,765,,,,
766,100766,2,2,,0,,0,1,1000,,,,50,1,1,,song_tag_6,1,,,766,,,,
767,100767,2,2,,0,,0,1,1000,,,,50,1,1,,song_tag_1,1,,,767,,,,
768,100768,2,2,,0,,0,1,1000,,,,50,1,1,,song_tag_8,1,,,768,,,,
769,100769,2,2,,0,,0,1,1000,,,,50,1,1,,song_tag_6,1,,,769,,,,
770,100770,2,2,,0,,0,1,1000,,,,50,1,1,,song_tag_7,1,,,770,,,,
771,100771,2,2,,0,,0,1,1000,,,,50,1,1,,song_tag_11,1,,,771,,,,
772,100772,2,2,,0,,0,1,1000,,,,50,1,1,,song_tag_7,1,,,772,,,,
773,100773,2,2,,0,,0,1,1000,,,,50,1,1,,song_tag_7,1,,,773,,,,
774,100774,2,2,,0,,0,1,1000,,,,50,1,1,,song_tag_1,1,,,774,,,,
775,100775,2,2,,0,,0,1,1000,,,,50,1,1,,song_tag_4,1,,,775,,,,
776,100776,2,2,,0,,0,1,1000,,,,50,1,1,,song_tag_4,1,,,776,,,,
777,100777,2,2,,0,,0,1,1000,,,,50,1,1,,song_tag_4,1,,,777,,,,
778,100778,2,2,,0,,0,1,1000,,,,50,1,1,,song_tag_7,1,,,778,,,,
779,100779,2,2,,0,,0,1,1000,,,,50,1,1,,song_tag_7,1,,,779,,,,
780,100780,2,2,,0,,0,1,1000,,,,50,1,1,,song_tag_7,1,,,780,,,,
781,100781,2,2,,0,,0,1,1000,,,,50,1,1,,song_tag_4,1,,,781,,,,
782,100782,2,2,,0,,0,1,1000,,,,50,1,1,,song_tag_6,1,,,782,,,,
783,100783,2,2,,0,,0,1,1000,,,,50,1,1,,song_tag_6,1,,,783,,,,
784,100784,2,2,,0,,0,1,1000,,,,50,1,1,,song_tag_7,1,,,784,,,,
785,100785,2,2,,0,,0,1,1000,,,,50,1,1,,song_tag_6,1,,,785,,,,
786,100786,2,2,,0,,0,1,1000,,,,50,1,1,,song_tag_5,1,,,786,,,,
787,100787,2,2,,0,,0,1,1000,,,,50,1,1,,song_tag_5,1,,,787,,,,
788,100788,2,2,,0,,0,1,1000,,,,50,1,1,,song_tag_7,1,,,788,,,,
789,100789,2,2,,0,,0,1,1000,,,,50,1,1,,song_tag_8,1,,,789,,,,
790,100790,2,2,,0,,0,1,1000,,,,50,1,1,,song_tag_6,1,,,790,,,,
791,100791,2,2,,0,,0,1,1000,,,,50,1,1,,song_tag_8,1,,,791,,,,
792,100792,2,2,,0,,0,1,1000,,,,50,1,1,,song_tag_7,1,,,792,,,,
793,100793,2,2,,0,,0,1,1000,,,,50,1,1,,song_tag_4,1,,,793,,,,
794,100794,2,2,,0,,0,1,1000,,,,50,1,1,,song_tag_4,1,,,794,,,,
795,100795,2,2,,0,,0,1,1000,,,,50,1,1,,song_tag_9,1,,,795,,,,
796,100796,2,2,,0,,0,1,1000,,,,50,1,1,,song_tag_7,1,,,796,,,,
797,100797,2,2,,0,,0,1,1000,,,,50,1,1,,song_tag_1,1,,,797,,,,
798,100798,2,2,,0,,0,1,1000,,,,50,1,1,,song_tag_7,1,,,798,,,,
799,100799,2,2,,0,,0,1,1000,,,,50,1,1,,song_tag_7,1,,,799,,,,
800,100800,2,2,,0,,0,1,1000,,,,50,1,1,,song_tag_7,1,,,828,,,,
801,100801,2,2,,0,,0,1,1000,,,,50,1,1,,song_tag_7,1,,,829,,,,
802,100802,2,2,,0,,0,1,1000,,,,50,1,1,,song_tag_3,1,,,830,,,,
803,100803,2,2,,0,,0,1,1000,,,,50,1,1,,song_tag_6,1,,,831,,,,
804,100804,2,2,,0,,0,1,1000,,,,50,1,1,,song_tag_6,1,,,832,,,,
805,100805,2,2,,0,,0,1,1000,,,,50,1,1,,song_tag_6,1,,,833,,,,
806,100806,2,2,,0,,0,1,1000,,,,50,1,1,,song_tag_7,1,,,834,,,,
807,100807,2,2,,0,,0,1,1000,,,,50,1,1,,song_tag_5,1,,,835,,,,
808,100808,2,2,,0,,0,1,1000,,,,50,1,1,,song_tag_9,1,,,836,,,,
809,100809,2,2,,0,,0,1,1000,,,,50,1,1,,song_tag_6,1,,,837,,,,
810,100810,2,2,,0,,0,1,1000,,,,50,1,1,,song_tag_6,1,,,838,,,,
811,100811,2,2,,0,,0,1,1000,,,,50,1,1,,song_tag_9,1,,,839,,,,
812,100812,2,2,,0,,0,1,1000,,,,50,1,1,,song_tag_6,1,,,840,,,,
813,100813,2,2,,0,,0,1,1000,,,,50,1,1,,song_tag_6,1,,,841,,,,
814,100814,2,2,,0,,0,1,1000,,,,50,1,1,,song_tag_6,1,,,842,,,,
815,100815,2,2,,0,,0,1,1000,,,,50,1,1,,song_tag_8,1,,,843,,,,
816,100816,2,2,,0,,0,1,1000,,,,50,1,1,,song_tag_6,1,,,844,,,,
817,100817,2,2,,0,,0,1,1000,,,,50,1,1,,song_tag_6,1,,,845,,,,
818,100818,2,2,,0,,0,1,1000,,,,50,1,1,,song_tag_8,1,,,846,,,,
819,100819,2,2,,0,,0,1,1000,,,,50,1,1,,song_tag_6,1,,,847,,,,
820,100820,2,2,,0,,0,1,1000,,,,50,1,1,,song_tag_7,1,,,848,,,,
821,100821,2,2,,0,,0,1,1000,,,,50,1,1,,song_tag_7,1,,,849,,,,
822,100822,2,2,,0,,0,1,1000,,,,50,1,1,,song_tag_6,1,,,850,,,,
823,100823,2,2,,0,,0,1,1000,,,,50,1,1,,song_tag_5,1,,,851,,,,
824,100824,2,2,,0,,0,1,1000,,,,50,1,1,,song_tag_6,1,,,852,,,,
825,100825,2,2,,0,,0,1,1000,,,,50,1,1,,song_tag_8,1,,,853,,,,
826,100826,2,2,,0,,0,1,1000,,,,50,1,1,,song_tag_1,1,,,854,,,,
827,100827,2,2,,0,,0,1,1000,,,,50,1,1,,song_tag_6,1,,,855,,,,
828,100828,2,2,,0,,0,1,1000,,,,50,1,1,,song_tag_7,1,,,856,,,,
829,100829,2,2,,0,,0,1,1000,,,,50,1,1,,song_tag_6,1,,,857,,,,
830,100830,2,2,,0,,0,1,1000,,,,50,1,1,,song_tag_7,1,,,858,,,,
831,100831,2,2,,0,,0,1,1000,,,,50,1,1,,song_tag_7,1,,,859,,,,
832,100832,2,2,,0,,0,1,1000,,,,50,1,1,,song_tag_5,1,,,860,,,,
833,100833,2,2,,0,,0,1,1000,,,,50,1,1,,song_tag_11,1,,,861,,,,
834,100834,2,2,,0,,0,1,1000,,,,50,1,1,,song_tag_7,1,,,862,,,,
835,100835,2,2,,0,,0,1,1000,,,,50,1,1,,song_tag_4,1,,,863,,,,
836,100836,2,2,,0,,0,1,1000,,,,50,1,1,,song_tag_8,1,,,864,,,,
837,100837,2,2,,0,,0,1,1000,,,,50,1,1,,song_tag_5,1,,,865,,,,
838,100838,2,2,,0,,0,1,1000,,,,50,1,1,,song_tag_7,1,,,866,,,,
839,100839,2,2,,0,,0,1,1000,,,,50,1,1,,song_tag_5,1,,,867,,,,
840,100840,2,2,,0,,0,1,1000,,,,50,1,1,,song_tag_3,1,,,868,,,,
841,100841,2,2,,0,,0,1,1000,,,,50,1,1,,song_tag_7,1,,,869,,,,
842,100842,2,2,,0,,0,1,1000,,,,50,1,1,,song_tag_6,1,,,870,,,,
843,100843,2,2,,0,,0,1,1000,,,,50,1,1,,song_tag_7,1,,,871,,,,
844,100844,2,2,,0,,0,1,1000,,,,50,1,1,,song_tag_9,1,,,872,,,,
845,100845,2,2,,0,,0,1,1000,,,,50,1,1,,song_tag_3,1,,,873,,,,
846,100846,2,2,,0,,0,1,1000,,,,50,1,1,,song_tag_6,1,,,874,,,,
847,100847,2,2,,0,,0,1,1000,,,,50,1,1,,song_tag_6,1,,,875,,,,
848,100848,2,2,,0,,0,1,1000,,,,50,1,1,,song_tag_6,1,,,876,,,,
849,100849,2,2,,0,,0,1,1000,,,,50,1,1,,song_tag_6,1,,,877,,,,
850,100850,2,2,,0,,0,1,1000,,,,50,1,1,,song_tag_7,1,,,878,,,,
851,100851,2,2,,0,,0,1,1000,,,,50,1,1,,song_tag_6,1,,,879,,,,
852,100852,2,2,,0,,0,1,1000,,,,50,1,1,,song_tag_5,1,,,880,,,,
853,100853,2,2,,0,,0,1,1000,,,,50,1,1,,song_tag_5,1,,,881,,,,
854,100854,2,2,,0,,0,1,1000,,,,50,1,1,,song_tag_4,1,,,882,,,,
855,100855,2,2,,0,,0,1,1000,,,,50,1,1,,song_tag_5,1,,,883,,,,
856,100856,2,2,,0,,0,1,1000,,,,50,1,1,,song_tag_6,1,,,884,,,,
857,100857,2,2,,0,,0,1,1000,,,,50,1,1,,song_tag_4,1,,,885,,,,
858,100858,2,2,,0,,0,1,1000,,,,50,1,1,,song_tag_6,1,,,886,,,,
859,100859,2,2,,0,,0,1,1000,,,,50,1,1,,song_tag_1,1,,,887,,,,
860,100860,2,2,,0,,0,1,1000,,,,50,1,1,,song_tag_3,1,,,888,,,,
861,100861,2,2,,0,,0,1,1000,,,,50,1,1,,song_tag_3,1,,,889,,,,
862,100862,2,2,,0,,0,1,1000,,,,50,1,1,,song_tag_3,1,,,890,,,,
863,100863,2,2,,0,,0,1,1000,,,,50,1,1,,song_tag_3,1,,,891,,,,
864,100864,2,2,,0,,0,1,1000,,,,50,1,1,,song_tag_6,1,,,892,,,,
865,100865,2,2,,0,,0,1,1000,,,,50,1,1,,song_tag_4,1,,,893,,,,
866,100866,2,2,,0,,0,1,1000,,,,50,1,1,,song_tag_3,1,,,894,,,,
867,100867,2,2,,0,,0,1,1000,,,,50,1,1,,song_tag_6,1,,,895,,,,
868,100868,2,2,,0,,0,1,1000,,,,50,1,1,,song_tag_3,1,,,896,,,,
869,100869,2,2,,0,,0,1,1000,,,,50,1,1,,song_tag_3,1,,,897,,,,
870,100870,2,2,,0,,0,1,1000,,,,50,1,1,,song_tag_6,1,,,898,,,,
871,100871,2,2,,0,,0,1,1000,,,,50,1,1,,song_tag_7,1,,,899,,,,
872,100872,2,2,,0,,0,1,1000,,,,50,1,1,,song_tag_4,1,,,900,,,,
873,100873,2,2,,0,,0,1,1000,,,,50,1,1,,song_tag_5,1,,,901,,,,
874,100874,2,2,,0,,0,1,1000,,,,50,1,1,,song_tag_4,1,,,902,,,,
875,100875,2,2,,0,,0,1,1000,,,,50,1,1,,song_tag_8,1,,,903,,,,
876,100876,2,2,,0,,0,1,1000,,,,50,1,1,,song_tag_7,1,,,904,,,,
877,100877,2,2,,0,,0,1,1000,,,,50,1,1,,song_tag_7,1,,,905,,,,
878,100878,2,2,,0,,0,1,1000,,,,50,1,1,,song_tag_4,1,,,906,,,,
879,100879,2,2,,0,,0,1,1000,,,,50,1,1,,song_tag_3,1,,,907,,,,
880,100880,2,2,,0,,0,1,1000,,,,50,1,1,,song_tag_5,1,,,908,,,,
881,100881,2,2,,0,,0,1,1000,,,,50,1,1,,song_tag_6,1,,,909,,,,
882,100882,2,2,,0,,0,1,1000,,,,50,1,1,,song_tag_3,1,,,910,,,,
883,100883,2,2,,0,,0,1,1000,,,,50,1,1,,song_tag_3,1,,,911,,,,
884,100884,2,2,,0,,0,1,1000,,,,50,1,1,,song_tag_6,1,,,912,,,,
885,100885,2,2,,0,,0,1,1000,,,,50,1,1,,song_tag_4,1,,,913,,,,
886,100886,2,2,,0,,0,1,1000,,,,50,1,1,,song_tag_7,1,,,914,,,,
887,100887,2,2,,0,,0,1,1000,,,,50,1,1,,song_tag_4,1,,,915,,,,
888,100888,2,2,,0,,0,1,1000,,,,50,1,1,,song_tag_3,1,,,916,,,,
889,100889,2,2,,0,,0,1,1000,,,,50,1,1,,song_tag_2,1,,,917,,,,
890,100890,2,2,,0,,0,1,1000,,,,50,1,1,,song_tag_5,1,,,918,,,,
891,100891,2,2,,0,,0,1,1000,,,,50,1,1,,song_tag_5,1,,,919,,,,
892,100892,2,2,,0,,0,1,1000,,,,50,1,1,,song_tag_5,1,,,920,,,,
893,100893,2,2,,0,,0,1,1000,,,,50,1,1,,song_tag_6,1,,,921,,,,
894,100894,2,2,,0,,0,1,1000,,,,50,1,1,,song_tag_3,1,,,922,,,,
895,100895,2,2,,0,,0,1,1000,,,,50,1,1,,song_tag_7,1,,,923,,,,
896,100896,2,2,,0,,0,1,1000,,,,50,1,1,,song_tag_5,1,,,924,,,,
897,100897,2,2,,0,,0,1,1000,,,,50,1,1,,song_tag_6,1,,,925,,,,
898,100898,2,2,,0,,0,1,1000,,,,50,1,1,,song_tag_6,1,,,926,,,,
899,100899,2,2,,0,,0,1,1000,,,,50,1,1,,song_tag_7,1,,,927,,,,
900,100900,2,2,,0,,0,1,1000,,,,50,1,1,,song_tag_3,1,,,928,,,,
901,100901,2,2,,0,,0,1,1000,,,,50,1,1,,song_tag_6,1,,,929,,,,
902,100902,2,2,,0,,0,1,1000,,,,50,1,1,,song_tag_3,1,,,930,,,,
903,100903,2,2,,0,,0,1,1000,,,,50,1,1,,song_tag_7,1,,,931,,,,
904,100904,2,2,,0,,0,1,1000,,,,50,1,1,,song_tag_5,1,,,932,,,,
905,100905,2,2,,0,,0,1,1000,,,,50,1,1,,song_tag_6,1,,,933,,,,
906,100906,2,2,,0,,0,1,1000,,,,50,1,1,,song_tag_4,1,,,934,,,,
907,100907,2,2,,0,,0,1,1000,,,,50,1,1,,song_tag_6,1,,,935,,,,
908,100908,2,2,,0,,0,1,1000,,,,50,1,1,,song_tag_7,1,,,936,,,,
909,100909,2,2,,0,,0,1,1000,,,,50,1,1,,song_tag_7,1,,,937,,,,
910,100910,2,2,,0,,0,1,1000,,,,50,1,1,,song_tag_4,1,,,938,,,,
911,100911,2,2,,0,,0,1,1000,,,,50,1,1,,song_tag_4,1,,,939,,,,
912,100912,2,2,,0,,0,1,1000,,,,50,1,1,,song_tag_4,1,,,940,,,,
913,100913,2,2,,0,,0,1,1000,,,,50,1,1,,song_tag_8,1,,,941,,,,
914,100914,2,2,,0,,0,1,1000,,,,50,1,1,,song_tag_5,1,,,942,,,,
915,100915,2,2,,0,,0,1,1000,,,,50,1,1,,song_tag_6,1,,,943,,,,
916,100916,2,2,,0,,0,1,1000,,,,50,1,1,,song_tag_8,1,,,944,,,,
917,100917,2,2,,0,,0,1,1000,,,,50,1,1,,song_tag_3,1,,,945,,,,
918,100918,2,2,,0,,0,1,1000,,,,50,1,1,,song_tag_6,1,,,946,,,,
919,100919,2,2,,0,,0,1,1000,,,,50,1,1,,song_tag_4,1,,,947,,,,
920,100920,2,2,,0,,0,1,1000,,,,50,1,1,,song_tag_7,1,,,948,,,,
921,100921,2,2,,0,,0,1,1000,,,,50,1,1,,song_tag_5,1,,,949,,,,
922,100922,2,2,,0,,0,1,1000,,,,50,1,1,,song_tag_4,1,,,950,,,,
923,100923,2,2,,0,,0,1,1000,,,,50,1,1,,song_tag_7,1,,,951,,,,
924,100924,2,2,,0,,0,1,1000,,,,50,1,1,,song_tag_9,1,,,952,,,,
925,100925,2,2,,0,,0,1,1000,,,,50,1,1,,song_tag_7,1,,,953,,,,
926,100926,2,2,,0,,0,1,1000,,,,50,1,1,,song_tag_3,1,,,954,,,,
927,100927,2,2,,0,,0,1,1000,,,,50,1,1,,song_tag_3,1,,,955,,,,
928,100928,2,2,,0,,0,1,1000,,,,50,1,1,,song_tag_7,1,,,956,,,,
929,100929,2,2,,0,,0,1,1000,,,,50,1,1,,song_tag_7,1,,,957,,,,
930,100930,2,2,,0,,0,1,1000,,,,50,1,1,,song_tag_5,1,,,958,,,,
931,100931,2,2,,0,,0,1,1000,,,,50,1,1,,song_tag_6,1,,,959,,,,
932,100932,2,2,,0,,0,1,1000,,,,50,1,1,,song_tag_6,1,,,960,,,,
933,100933,2,2,,0,,0,1,1000,,,,50,1,1,,song_tag_6,1,,,961,,,,
934,100934,2,2,,0,,0,1,1000,,,,50,1,1,,song_tag_7,1,,,962,,,,
935,100935,2,2,,0,,0,1,1000,,,,50,1,1,,song_tag_7,1,,,963,,,,
936,100936,2,2,,0,,0,1,1000,,,,50,1,1,,song_tag_7,1,,,964,,,,
937,100937,2,2,,0,,0,1,1000,,,,50,1,1,,song_tag_8,1,,,965,,,,
938,100938,2,2,,0,,0,1,1000,,,,50,1,1,,song_tag_7,1,,,966,,,,
939,100939,2,2,,0,,0,1,1000,,,,50,1,1,,song_tag_6,1,,,967,,,,
940,100940,2,2,,0,,0,1,1000,,,,50,1,1,,song_tag_6,1,,,968,,,,
941,100941,2,2,,0,,0,1,1000,,,,50,1,1,,song_tag_7,1,,,969,,,,
942,100942,2,2,,0,,0,1,1000,,,,50,1,1,,song_tag_7,1,,,970,,,,
943,100943,2,2,,0,,0,1,1000,,,,50,1,1,,song_tag_7,1,,,971,,,,
944,100944,2,2,,0,,0,1,1000,,,,50,1,1,,song_tag_7,1,,,972,,,,
945,100945,2,2,,0,,0,1,1000,,,,50,1,1,,song_tag_5,1,,,973,,,,
946,100946,2,2,,0,,0,1,1000,,,,50,1,1,,song_tag_6,1,,,974,,,,
947,100947,2,2,,0,,0,1,1000,,,,50,1,1,,song_tag_9,1,,,975,,,,
948,100948,2,2,,0,,0,1,1000,,,,50,1,1,,song_tag_6,1,,,976,,,,
949,100949,2,2,,0,,0,1,1000,,,,50,1,1,,song_tag_4,1,,,977,,,,
950,100950,2,2,,0,,0,1,1000,,,,50,1,1,,song_tag_11,1,,,978,,,,
951,100951,2,2,,0,,0,1,1000,,,,50,1,1,,song_tag_7,1,,,979,,,,
952,100952,2,2,,0,,0,1,1000,,,,50,1,1,,song_tag_4,1,,,980,,,,
953,100953,2,2,,0,,0,1,1000,,,,50,1,1,,song_tag_7,1,,,981,,,,
954,100954,2,2,,0,,0,1,1000,,,,50,1,1,,song_tag_7,1,,,982,,,,
955,100955,2,2,,0,,0,1,1000,,,,50,1,1,,song_tag_1,1,,,983,,,,
956,100956,2,2,,0,,0,1,1000,,,,50,1,1,,song_tag_1,1,,,984,,,,
957,100957,2,2,,0,,0,1,1000,,,,50,1,1,,song_tag_8,1,,,985,,,,
958,100958,2,2,,0,,0,1,1000,,,,50,1,1,,song_tag_7,1,,,986,,,,
959,100959,2,2,,0,,0,1,1000,,,,50,1,1,,song_tag_5,1,,,987,,,,
960,100960,2,2,,0,,0,1,1000,,,,50,1,1,,song_tag_1,1,,,988,,,,
961,100961,2,2,,0,,0,1,1000,,,,50,1,1,,song_tag_7,1,,,989,,,,
962,100962,2,2,,0,,0,1,1000,,,,50,1,1,,song_tag_4,1,,,990,,,,
963,100963,2,2,,0,,0,1,1000,,,,50,1,1,,song_tag_3,1,,,991,,,,
964,100964,2,2,,0,,0,1,1000,,,,50,1,1,,song_tag_4,1,,,992,,,,
965,100965,2,2,,0,,0,1,1000,,,,50,1,1,,song_tag_3,1,,,993,,,,
966,100966,2,2,,0,,0,1,1000,,,,50,1,1,,song_tag_7,1,,,994,,,,
967,100967,2,2,,0,,0,1,1000,,,,50,1,1,,song_tag_5,1,,,995,,,,
968,100968,2,2,,0,,0,1,1000,,,,50,1,1,,song_tag_4,1,,,996,,,,
969,100969,2,2,,0,,0,1,1000,,,,50,1,1,,song_tag_4,1,,,997,,,,
970,100970,2,2,,0,,0,1,1000,,,,50,1,1,,song_tag_7,1,,,998,,,,
971,100971,2,2,,0,,0,1,1000,,,,50,1,1,,song_tag_7,1,,,999,,,,
972,100972,2,2,,0,,0,1,1000,,,,50,1,1,,song_tag_7,1,,,1000,,,,
973,100973,2,2,,0,,0,1,1000,,,,50,1,1,,song_tag_5,1,,,1001,,,,
974,100974,2,2,,0,,0,1,1000,,,,50,1,1,,song_tag_2,1,,,1002,,,,
975,100975,2,2,,0,,0,1,1000,,,,50,1,1,,song_tag_8,1,,,1003,,,,
976,100976,2,2,,0,,0,1,1000,,,,50,1,1,,song_tag_4,1,,,1004,,,,
977,100977,2,2,,0,,0,1,1000,,,,50,1,1,,song_tag_2,1,,,1005,,,,
978,100978,2,2,,0,,0,1,1000,,,,50,1,1,,song_tag_9,1,,,1006,,,,
979,100979,2,2,,0,,0,1,1000,,,,50,1,1,,song_tag_7,1,,,1007,,,,
980,100980,2,2,,0,,0,1,1000,,,,50,1,1,,song_tag_8,1,,,1008,,,,
981,100981,2,2,,0,,0,1,1000,,,,50,1,1,,song_tag_8,1,,,1009,,,,
982,100982,2,2,,0,,0,1,1000,,,,50,1,1,,song_tag_1,1,,,1010,,,,
983,100983,2,2,,0,,0,1,1000,,,,50,1,1,,song_tag_7,1,,,1011,,,,
984,100984,2,2,,0,,0,1,1000,,,,50,1,1,,song_tag_4,1,,,1012,,,,
985,100985,2,2,,0,,0,1,1000,,,,50,1,1,,song_tag_6,1,,,1013,,,,
986,100986,2,2,,0,,0,1,1000,,,,50,1,1,,song_tag_9,1,,,1014,,,,
987,100987,2,2,,0,,0,1,1000,,,,50,1,1,,song_tag_6,1,,,1015,,,,
988,100988,2,2,,0,,0,1,1000,,,,50,1,1,,song_tag_8,1,,,1016,,,,
989,100989,2,2,,0,,0,1,1000,,,,50,1,1,,song_tag_8,1,,,1017,,,,
990,100990,2,2,,0,,0,1,1000,,,,50,1,1,,song_tag_5,1,,,1018,,,,
991,100991,2,2,,0,,0,1,1000,,,,50,1,1,,song_tag_3,1,,,1019,,,,
992,100992,2,2,,0,,0,1,1000,,,,50,1,1,,song_tag_6,1,,,1020,,,,
993,100993,2,2,,0,,0,1,1000,,,,50,1,1,,song_tag_3,1,,,1021,,,,
994,100994,2,2,,0,,0,1,1000,,,,50,1,1,,song_tag_7,1,,,1022,,,,
995,100995,2,2,,0,,0,1,1000,,,,50,1,1,,song_tag_8,1,,,1023,,,,
996,100996,2,2,,0,,0,1,1000,,,,50,1,1,,song_tag_5,1,,,1024,,,,
997,100997,2,2,,0,,0,1,1000,,,,50,1,1,,song_tag_7,1,,,1025,,,,
998,100998,2,2,,0,,0,1,1000,,,,50,1,1,,song_tag_7,1,,,1026,,,,
999,100999,2,2,,0,,0,1,1000,,,,50,1,1,,song_tag_8,1,,,1027,,,,
,,,,,,,,,,,,,,,,,,,,,800,,,,
1900,,,,,,,,,,,,,,,,,,,,,801,,,,
1901,200001,3,1,3,,,,8,,,,,0,,,,,,,,802,,,,
1902,200002,3,1,10,,,,10,,,,,0,,,,,,,,803,,,,
1903,200003,3,1,30,,,,1,,,,,0,,,,,,,,804,,,,
1904,200004,3,13,,,,1,1,,,,,0,,,,,,,,805,,,,
1905,200005,3,1,12,,,,1,,,,,0,,,,,,,,806,,,,
1906,200006,3,1,8,,,,1,,,,,0,,,,,,,,807,,,,
1907,200007,3,1,1,,,,1,,,,,0,,,,,,,,808,,,,
1908,200008,3,13,,,,1,1,,,,,0,,,,,,,,809,,,,
1910,200009,3,13,,,,1,1,,,,,0,,,,,,,,810,,,,
2901,300001,10,1,3,,,,1,1,,,,0,,,,,,,,811,,,,
2902,300002,10,1,3,,,,1,1,,,,0,,,,,,,,812,,,,
2903,300003,10,1,3,,,,1,1,,,,0,,,,,,,,813,,,,
2904,300004,10,1,3,,,,1,1,,,,0,,,,,,,,814,,,,
2905,300005,10,1,3,,,,1,1,,,,0,,,,,,,,815,,,,
2906,300006,10,1,3,,,,1,1,,,,0,,,,,,,,816,,,,
3901,300007,3,1,1,,,,1,,,,,0,,,,,,,,817,,,,
3902,300008,3,1,1,,,,1,,,,,0,,,,,,,,818,,,,
3903,300009,3,1,1,,,,1,,,,,0,,,,,,,,819,,,,
3904,300010,3,1,1,,,,1,,,,,0,,,,,,,,820,,,,
3905,300011,3,1,1,,,,1,,,,,0,,,,,,,,821,,,,
3906,300012,3,1,1,,,,1,,,,,0,,,,,,,,822,,,,
3907,300013,3,1,1,,,,1,,,,,0,,,,,,,,823,,,,
3908,300014,3,1,1,,,,1,,,,,0,,,,,,,,824,,,,
3909,300015,3,1,1,,,,1,,,,,0,,,,,,,,825,,,,
3910,300016,3,1,1,,,,1,,,,,0,,,,,,,,826,,,,
4001,400001,1,1,1,,,,1,1,,,,0,1,1,,song_tag_1,1,,,827,,,,